Mixed Prime,000001,p=1,v=1,"1^^",-1,1,-1,1,-1,1,-1,1,
Mixed Prime,000002,p=1,v=1,"1^",1,1,1,1,1,1,1,1,
Mixed Prime,000003,p=1,v=1,"1^^^",-3,9,-27,81,-243,729,-2187,6561,
Mixed Prime,000004,p=1,v=1,"1",3,9,27,81,243,729,2187,6561,
Mixed Prime,000005,p=1,v=2,"1^^-2",0,10,0,50,0,250,0,1250,
Mixed Prime,000006,p=1,v=2,"1^^-2^",-2,6,-14,34,-82,198,-478,1154,
Mixed Prime,000007,p=1,v=2,"1^-2",2,6,14,34,82,198,478,1154,
Mixed Prime,000008,p=1,v=3,"1^-2^-3^",-1,5,-7,17,-31,65,-127,257,
Mixed Prime,000009,p=1,v=3,"1^-2^-3-1",-1,9,-1,33,-1,129,-1,513,
Mixed Prime,000010,p=1,v=3,"1^^-2-3^",-1,9,-7,41,-51,201,-323,1025,
Mixed Prime,000011,p=1,v=3,"1^-2=3^",-1,11,-13,67,-121,443,-981,3075,
Mixed Prime,000012,p=1,v=3,"1^-2=3-1",-1,13,5,65,69,361,573,2145,
Mixed Prime,000013,p=1,v=3,"1^^-2^-3",-1,13,-7,81,-71,529,-631,3521,
Mixed Prime,000014,p=1,v=3,"1^^-2=3",-1,15,-1,99,-1,687,-1,4803,
Mixed Prime,000015,p=1,v=3,"1^-2-3^",1,5,7,17,31,65,127,257,
Mixed Prime,000016,p=1,v=3,"1^-2^-3",1,9,7,41,51,201,323,1025,
Mixed Prime,000017,p=1,v=3,"1^-2-3-1",1,9,13,49,101,297,701,1889,
Mixed Prime,000018,p=1,v=3,"1^-2=3",1,11,13,67,121,443,981,3075,
Mixed Prime,000019,p=1,v=3,"1^^-2-3",1,13,7,81,71,529,631,3521,
Mixed Prime,000020,p=1,v=3,"1-2=3-1",1,13,19,97,211,793,2059,6817,
Mixed Prime,000021,p=1,v=3,"1-2=3^",1,15,1,99,1,687,1,4803,
Mixed Prime,000022,p=1,v=3,"1^-2^-3^-1",-3,9,-15,33,-63,129,-255,513,
Mixed Prime,000023,p=1,v=3,"1^^-2^-3^",-3,9,-21,57,-153,417,-1137,3105,
Mixed Prime,000024,p=1,v=3,"1^^-2-3^^",-3,13,-21,65,-133,361,-829,2145,
Mixed Prime,000025,p=1,v=3,"1^^-2=3^",-3,15,-27,99,-243,783,-2187,6723,
Mixed Prime,000026,p=1,v=3,"1^-2-3",3,9,21,57,153,417,1137,3105,
Mixed Prime,000027,p=1,v=3,"1-2-3-1",3,9,27,81,243,729,2187,6561,
Mixed Prime,000028,p=1,v=3,"1-2^-3",3,13,21,65,133,361,829,2145,
Mixed Prime,000029,p=1,v=3,"1-2=3",3,15,27,99,243,783,2187,6723,
Mixed Prime,000030,p=1,v=3,"1^^-2^-3^^",-5,13,-35,97,-275,793,-2315,6817,
Mixed Prime,000031,p=1,v=3,"1-2-3",5,13,35,97,275,793,2315,6817,
Mixed Prime,000032,p=1,v=4,"1^-2-3^ 2-4^",0,6,0,18,0,54,0,162,
Mixed Prime,000033,p=1,v=4,"1^-2^-3-4^",0,8,0,28,0,104,0,388,
Mixed Prime,000034,p=1,v=4,"1^^-2-3-4^",0,12,0,60,0,324,0,1764,
Mixed Prime,000035,p=1,v=4,"1^^-2-3^ 2-4",0,14,0,82,0,518,0,3298,
Mixed Prime,000036,p=1,v=4,"1^^-2-3-4-2",0,14,6,98,70,698,686,5026,
Mixed Prime,000037,p=1,v=4,"1^-2-3=4-2",0,14,12,82,140,566,1260,4194,
Mixed Prime,000038,p=1,v=4,"1^^-2-3^-4",0,16,0,76,0,400,0,2212,
Mixed Prime,000039,p=1,v=4,"1^^-2^-3-4",0,16,0,108,0,784,0,5732,
Mixed Prime,000040,p=1,v=4,"1-2^-3=4^",0,18,-6,106,-90,714,-938,5122,
Mixed Prime,000041,p=1,v=4,"1^^-2-3=4",0,18,6,106,90,714,938,5122,
Mixed Prime,000042,p=1,v=4,"1^^-2=3-4",0,20,0,132,0,980,0,7556,
Mixed Prime,000043,p=1,v=4,"1^-2-3^-4^-2",-2,10,-8,34,-32,118,-128,418,
Mixed Prime,000044,p=1,v=4,"1^^-2-3^-4^",-2,12,-14,52,-82,252,-478,1316,
Mixed Prime,000045,p=1,v=4,"1^^-2-3^-4-2",-2,14,-8,74,-52,422,-380,2498,
Mixed Prime,000046,p=1,v=4,"1^-2^-3=4^",-2,14,-20,82,-172,578,-1444,4418,
Mixed Prime,000047,p=1,v=4,"1^^-2^-3^-4",-2,16,-14,100,-122,688,-1094,4996,
Mixed Prime,000048,p=1,v=4,"1^^-2-3=4-2",-2,18,-2,114,38,762,558,5282,
Mixed Prime,000049,p=1,v=4,"1^^-2^-3=4",-2,18,-8,122,-52,882,-436,6562,
Mixed Prime,000050,p=1,v=4,"1^^-2-3^^ 2-4",-2,18,-14,114,-102,762,-814,5282,
Mixed Prime,000051,p=1,v=4,"1^^-2-3=4^",-2,18,-20,106,-152,666,-1136,4354,
Mixed Prime,000052,p=1,v=4,"1^-2-3-4-2",2,10,20,66,172,502,1388,3938,
Mixed Prime,000053,p=1,v=4,"1-2-3^-4-2",2,14,20,74,152,470,1136,3266,
Mixed Prime,000054,p=1,v=4,"1^-2-3=4",2,14,20,82,172,578,1444,4418,
Mixed Prime,000055,p=1,v=4,"1^-2=3-4",2,16,14,100,122,688,1094,4996,
Mixed Prime,000056,p=1,v=4,"1-2-3=4^",2,18,8,122,52,882,436,6562,
Mixed Prime,000057,p=1,v=4,"1^^-2-3 2-4",2,18,14,114,102,762,814,5282,
Mixed Prime,000058,p=1,v=4,"1-2^-3=4",2,18,20,106,152,666,1136,4354,
Mixed Prime,000059,p=1,v=4,"1^^-2^-3^-4^",-4,12,-28,76,-204,564,-1572,4420,
Mixed Prime,000060,p=1,v=4,"1^^-2-3^^ 2-4^",-4,14,-28,82,-204,566,-1516,4194,
Mixed Prime,000061,p=1,v=4,"1^^-2^-3-4^^",-4,16,-28,92,-204,592,-1460,4036,
Mixed Prime,000062,p=1,v=4,"1^-2-3-4",4,12,28,76,204,564,1572,4420,
Mixed Prime,000063,p=1,v=4,"1^-2-3 2-4",4,14,28,82,204,566,1516,4194,
Mixed Prime,000064,p=1,v=4,"1-2^-3-4",4,16,28,92,204,592,1460,4036,
Mixed Prime,000065,p=1,v=5,"1^-2^-3-4^ 3-5^",-1,9,-7,33,-41,141,-225,641,
Mixed Prime,000066,p=1,v=5,"1^-2-3^-4-2 4-5^",-1,11,-1,39,9,149,83,591,
Mixed Prime,000067,p=1,v=5,"1^-2^-3-4^-5^",-1,11,-7,39,-31,149,-141,591,
Mixed Prime,000068,p=1,v=5,"1^-2^-3^-4-5^",-1,11,-7,47,-51,233,-337,1215,
Mixed Prime,000069,p=1,v=5,"1^-2-3-4^-5^-3",-1,13,-1,49,9,205,97,897,
Mixed Prime,000070,p=1,v=5,"1^-2^-3-4^-5-3",-1,13,-1,57,9,277,97,1393,
Mixed Prime,000071,p=1,v=5,"1^-2-3-4^-5-3 2-5",-1,13,5,61,59,337,461,1957,
Mixed Prime,000072,p=1,v=5,"1^^-2-3-4^ 3-5^",-1,13,-7,57,-41,277,-253,1409,
Mixed Prime,000073,p=1,v=5,"1^-2-3^-5-4^-2",-1,13,-7,61,-61,337,-463,1957,
Mixed Prime,000074,p=1,v=5,"1^-2-3-4^^ 3-5^",-1,13,-7,65,-61,373,-477,2225,
Mixed Prime,000075,p=1,v=5,"1^-2-3^-5^-4-2",-1,13,-7,69,-61,409,-491,2501,
Mixed Prime,000076,p=1,v=5,"1^-2-5-3-4^-5 1-3",-1,15,-1,71,19,369,223,1999,
Mixed Prime,000077,p=1,v=5,"1^^-2-3-4-2 4-5^",-1,15,-1,87,9,549,111,3535,
Mixed Prime,000078,p=1,v=5,"1^-2^-5-3-4-5 1-3",-1,15,-1,95,-1,645,-1,4415,
Mixed Prime,000079,p=1,v=5,"1^-2-4^-5-3^-1",-1,15,-7,63,-41,285,-225,1343,
Mixed Prime,000080,p=1,v=5,"1^^-2-3^-4-5^",-1,15,-7,63,-51,297,-337,1503,
Mixed Prime,000081,p=1,v=5,"1^^-2-3-4^-5^",-1,15,-7,71,-31,357,-141,1839,
Mixed Prime,000082,p=1,v=5,"1^-2^-4-5-3^-1",-1,15,-7,79,-41,453,-281,2687,
Mixed Prime,000083,p=1,v=5,"1^-2^-3^-4^-5",-1,15,-7,79,-51,465,-393,2847,
Mixed Prime,000084,p=1,v=5,"1^-2^-3=4-5^",-1,15,-7,83,-51,507,-407,3203,
Mixed Prime,000085,p=1,v=5,"1^^-2^-3-4-5^",-1,15,-7,87,-71,573,-645,3887,
Mixed Prime,000086,p=1,v=5,"1^-2-3^ 2-4=5^",-1,15,-13,83,-121,543,-1037,3811,
Mixed Prime,000087,p=1,v=5,"1-2^-3-4^-5^-3",-1,17,-1,73,9,341,125,1665,
Mixed Prime,000088,p=1,v=5,"1^^-2-3-4^-5-3",-1,17,-1,81,9,437,125,2481,
Mixed Prime,000089,p=1,v=5,"1^-2^-3^-4=5",-1,17,-1,101,19,665,251,4517,
Mixed Prime,000090,p=1,v=5,"1^^-2^-3-4-5-3",-1,17,-1,121,9,917,125,7041,
Mixed Prime,000091,p=1,v=5,"1^-2^-3-4=5-3",-1,17,5,97,99,629,1035,4385,
Mixed Prime,000092,p=1,v=5,"1^^-2-3-4-5-3 2-5",-1,17,5,109,79,797,825,5989,
Mixed Prime,000093,p=1,v=5,"1-2^-3-4^^ 3-5^",-1,17,-7,89,-61,533,-505,3377,
Mixed Prime,000094,p=1,v=5,"1^^-2-3-5^-4-2",-1,17,-7,93,-41,557,-267,3461,
Mixed Prime,000095,p=1,v=5,"1^-2^-3-4^^ 3-5",-1,17,-7,97,-41,605,-281,3905,
Mixed Prime,000096,p=1,v=5,"1^^-2-3^-5-4-2",-1,17,-7,101,-41,653,-295,4357,
Mixed Prime,000097,p=1,v=5,"1^^-2^-3-4^ 3-5",-1,17,-7,105,-61,725,-561,5169,
Mixed Prime,000098,p=1,v=5,"1-2-3^-5^-4^-2",-1,17,-7,109,-81,797,-827,5989,
Mixed Prime,000099,p=1,v=5,"1^-2-3^-5=4-2",-1,17,-7,113,-81,845,-841,6465,
Mixed Prime,000100,p=1,v=5,"1^-2-3^-4=5^",-1,17,-13,93,-141,617,-1289,4517,
Mixed Prime,000101,p=1,v=5,"1^-2^-3-4=5^",-1,17,-13,93,-101,569,-785,3685,
Mixed Prime,000102,p=1,v=5,"1^^-2-3^-4-2 4-5",-1,19,-1,103,9,637,139,4143,
Mixed Prime,000103,p=1,v=5,"1^^-2-3^ 2-4=5",-1,19,-1,115,19,787,279,5603,
Mixed Prime,000104,p=1,v=5,"1^-2-3-1 2-4=5-3",-1,19,-1,119,29,829,419,5999,
Mixed Prime,000105,p=1,v=5,"1^-2^-3-1 3-4=5",-1,19,5,99,89,607,909,4067,
Mixed Prime,000106,p=1,v=5,"1^^-2-3^-4^-5",-1,19,-7,95,-51,505,-337,2783,
Mixed Prime,000107,p=1,v=5,"1^^-2-3-4-5^^",-1,19,-7,103,-31,589,-85,3439,
Mixed Prime,000108,p=1,v=5,"1-2^-4=5-3^-1",-1,19,-7,103,-51,613,-365,3823,
Mixed Prime,000109,p=1,v=5,"1^^-2^-3-4^-5",-1,19,-7,103,-71,637,-645,4207,
Mixed Prime,000110,p=1,v=5,"1^^-2-3=4-5^",-1,19,-7,107,-31,643,-99,3971,
Mixed Prime,000111,p=1,v=5,"1^-2-3-1 3-4=5^",-1,19,-7,107,-71,691,-659,4739,
Mixed Prime,000112,p=1,v=5,"1^-2^-4=5-3-1",-1,19,-7,111,-31,697,-113,4511,
Mixed Prime,000113,p=1,v=5,"1^-2-3=4-5^^",-1,19,-7,115,-71,799,-687,5827,
Mixed Prime,000114,p=1,v=5,"1^^-2^-3^-4-5",-1,19,-7,127,-51,937,-449,7135,
Mixed Prime,000115,p=1,v=5,"1^^-2^-3-4=5",-1,21,-1,133,19,957,307,7205,
Mixed Prime,000116,p=1,v=5,"1^^-2-3^-4=5",-1,21,-1,117,19,717,307,4613,
Mixed Prime,000117,p=1,v=5,"1^^-2-3-4=5-3",-1,21,5,121,99,813,1119,5921,
Mixed Prime,000118,p=1,v=5,"1-2-3-4^^ 3-5^^",-1,21,-7,137,-41,981,-253,7297,
Mixed Prime,000119,p=1,v=5,"1^^-2-3-5=4-2",-1,21,-7,145,-21,1077,27,8241,
Mixed Prime,000120,p=1,v=5,"1^^-2-3-4^^ 3-5",-1,21,-7,121,-41,741,-197,4673,
Mixed Prime,000121,p=1,v=5,"1^-2=3-4=5^",-1,21,-13,133,-121,933,-1093,6917,
Mixed Prime,000122,p=1,v=5,"1-2^-3^-4=5^",-1,21,-13,125,-141,837,-1345,6085,
Mixed Prime,000123,p=1,v=5,"1^^-2-3-4=5^",-1,21,-13,125,-101,789,-729,5125,
Mixed Prime,000124,p=1,v=5,"1^=2-3-4=5-3",-1,23,-1,147,19,1055,335,7971,
Mixed Prime,000125,p=1,v=5,"1-2^-3=4-5^^",-1,23,-7,139,-91,935,-995,6723,
Mixed Prime,000126,p=1,v=5,"1^-2=4-5=3-1",-1,23,-7,147,-31,995,-15,6915,
Mixed Prime,000127,p=1,v=5,"1^=2-3^-4=5",-1,23,-7,147,-71,1043,-687,7811,
Mixed Prime,000128,p=1,v=5,"1^^-2^-3=4-5",-1,23,-7,155,-51,1151,-379,8931,
Mixed Prime,000129,p=1,v=5,"1^^-2-3 2-4=5^",-1,23,-13,147,-121,1007,-1037,7203,
Mixed Prime,000130,p=1,v=5,"1^=2-3-4=5^",-1,23,-19,147,-171,995,-1387,6915,
Mixed Prime,000131,p=1,v=5,"1^^-2=3-4=5",-1,25,-1,165,-1,1225,-1,9605,
Mixed Prime,000132,p=1,v=5,"1^-2-3-4^ 3-5^",1,9,7,33,41,141,225,641,
Mixed Prime,000133,p=1,v=5,"1^-2-3^-4-5^",1,11,7,39,31,149,141,591,
Mixed Prime,000134,p=1,v=5,"1^-2^-3-4-5^",1,11,7,47,51,233,337,1215,
Mixed Prime,000135,p=1,v=5,"1^-2-3-4-2 4-5^",1,11,13,55,111,341,813,2255,
Mixed Prime,000136,p=1,v=5,"1-2^-3-4^ 3-5^",1,13,7,57,41,277,253,1409,
Mixed Prime,000137,p=1,v=5,"1^-2-3-5^-4-2",1,13,7,61,61,337,463,1957,
Mixed Prime,000138,p=1,v=5,"1^-2^-3-4^ 3-5",1,13,7,65,61,373,477,2225,
Mixed Prime,000139,p=1,v=5,"1^-2-3^-5-4-2",1,13,7,69,61,409,491,2501,
Mixed Prime,000140,p=1,v=5,"1^-2-3-4^-5-3",1,13,13,57,91,301,603,1745,
Mixed Prime,000141,p=1,v=5,"1^-2^-3-4-5-3",1,13,13,81,131,565,1163,4129,
Mixed Prime,000142,p=1,v=5,"1^-2-3-4-5-3 2-5",1,13,19,77,181,577,1555,4613,
Mixed Prime,000143,p=1,v=5,"1^-2^-3-4^-5",1,15,7,63,51,297,337,1503,
Mixed Prime,000144,p=1,v=5,"1-2^-4-5-3^-1",1,15,7,63,61,309,449,1663,
Mixed Prime,000145,p=1,v=5,"1^-2-3^-4^-5",1,15,7,71,31,357,141,1839,
Mixed Prime,000146,p=1,v=5,"1^^-2-3-4-5^",1,15,7,79,51,465,393,2847,
Mixed Prime,000147,p=1,v=5,"1^-2^-4-5-3-1",1,15,7,79,61,477,505,3007,
Mixed Prime,000148,p=1,v=5,"1^-2-3=4-5^",1,15,7,83,51,507,407,3203,
Mixed Prime,000149,p=1,v=5,"1^-2^-3^-4-5",1,15,7,87,71,573,645,3887,
Mixed Prime,000150,p=1,v=5,"1^-2-3^-4-2 4-5",1,15,13,71,111,405,841,2575,
Mixed Prime,000151,p=1,v=5,"1-2-5-3-4^-5 1-3",1,15,13,79,141,525,1233,3839,
Mixed Prime,000152,p=1,v=5,"1^-2-3^ 2-4=5",1,15,13,83,121,543,1037,3811,
Mixed Prime,000153,p=1,v=5,"1^-2-5-3-4-5 1-3",1,15,13,87,121,585,1065,4175,
Mixed Prime,000154,p=1,v=5,"1^-2-3-4=5^",1,17,1,101,-19,665,-251,4517,
Mixed Prime,000155,p=1,v=5,"1^^-2-3-4^ 3-5",1,17,7,89,61,533,505,3377,
Mixed Prime,000156,p=1,v=5,"1-2-3^-5-4^-2",1,17,7,93,41,557,267,3461,
Mixed Prime,000157,p=1,v=5,"1^-2-3-4^^ 3-5",1,17,7,97,41,605,281,3905,
Mixed Prime,000158,p=1,v=5,"1-2-3^-5^-4-2",1,17,7,101,41,653,295,4357,
Mixed Prime,000159,p=1,v=5,"1-2-3-4^^ 3-5^",1,17,7,105,61,725,561,5169,
Mixed Prime,000160,p=1,v=5,"1^^-2-3-5-4-2",1,17,7,109,81,797,827,5989,
Mixed Prime,000161,p=1,v=5,"1^-2-3-5=4-2",1,17,7,113,81,845,841,6465,
Mixed Prime,000162,p=1,v=5,"1-2^-3-4^-5-3",1,17,13,81,91,413,575,2193,
Mixed Prime,000163,p=1,v=5,"1-2-3-4^-5^-3",1,17,13,89,131,557,1135,3873,
Mixed Prime,000164,p=1,v=5,"1^-2^-3-4=5",1,17,13,93,141,617,1289,4517,
Mixed Prime,000165,p=1,v=5,"1^-2-3^-4=5",1,17,13,93,101,569,785,3685,
Mixed Prime,000166,p=1,v=5,"1^^-2-3-4-5-3",1,17,13,105,131,749,1247,5665,
Mixed Prime,000167,p=1,v=5,"1-2-3-4^-5-3 2-5",1,17,19,93,161,605,1303,4293,
Mixed Prime,000168,p=1,v=5,"1^-2-3-4=5-3",1,17,19,97,181,677,1597,5217,
Mixed Prime,000169,p=1,v=5,"1^-2-3 2-4=5^",1,19,1,115,-19,787,-279,5603,
Mixed Prime,000170,p=1,v=5,"1-2-3-1 3-4=5^",1,19,7,131,51,991,463,7715,
Mixed Prime,000171,p=1,v=5,"1^^-2-3-4^-5",1,19,7,95,51,505,337,2783,
Mixed Prime,000172,p=1,v=5,"1-2^-3^-4^-5",1,19,7,103,31,589,85,3439,
Mixed Prime,000173,p=1,v=5,"1^^-2-3^-4-5",1,19,7,103,71,637,645,4207,
Mixed Prime,000174,p=1,v=5,"1^-2-4=5-3-1",1,19,7,103,91,661,925,4591,
Mixed Prime,000175,p=1,v=5,"1-2^-3=4-5^",1,19,7,107,31,643,99,3971,
Mixed Prime,000176,p=1,v=5,"1-2^-4=5-3-1",1,19,7,111,71,745,673,5279,
Mixed Prime,000177,p=1,v=5,"1^-2^-3=4-5",1,19,7,115,71,799,687,5827,
Mixed Prime,000178,p=1,v=5,"1^^-2^-3-4-5",1,19,7,127,51,937,449,7135,
Mixed Prime,000179,p=1,v=5,"1-2-3-1 2-4=5-3",1,19,13,135,131,1069,1373,8815,
Mixed Prime,000180,p=1,v=5,"1^^-2-3-4-2 4-5",1,19,13,119,111,829,981,6063,
Mixed Prime,000181,p=1,v=5,"1^-2-3-1 3-4=5",1,19,19,107,171,691,1415,4867,
Mixed Prime,000182,p=1,v=5,"1-2-3^-4=5^",1,21,1,133,-19,957,-307,7205,
Mixed Prime,000183,p=1,v=5,"1-2^-3-4=5^",1,21,1,117,-19,717,-307,4613,
Mixed Prime,000184,p=1,v=5,"1^^-2^-3-4 3-5",1,21,7,137,41,981,253,7297,
Mixed Prime,000185,p=1,v=5,"1-2-3^-5=4-2",1,21,7,145,21,1077,-27,8241,
Mixed Prime,000186,p=1,v=5,"1-2^-3-4^^ 3-5",1,21,7,121,41,741,197,4673,
Mixed Prime,000187,p=1,v=5,"1^-2=3-4=5",1,21,13,133,121,933,1093,6917,
Mixed Prime,000188,p=1,v=5,"1^^-2-3-4=5",1,21,13,125,141,837,1345,6085,
Mixed Prime,000189,p=1,v=5,"1-2^-3^-4=5",1,21,13,125,101,789,729,5125,
Mixed Prime,000190,p=1,v=5,"1-2^-3-4=5-3",1,21,19,121,181,765,1513,5217,
Mixed Prime,000191,p=1,v=5,"1^^-2-3=4-5",1,23,7,139,91,935,995,6723,
Mixed Prime,000192,p=1,v=5,"1^=2-3-4=5",1,23,7,147,71,1043,687,7811,
Mixed Prime,000193,p=1,v=5,"1-2-3=4-5^^",1,23,7,155,51,1151,379,8931,
Mixed Prime,000194,p=1,v=5,"1^^-2-3 2-4=5",1,23,13,147,121,1007,1037,7203,
Mixed Prime,000195,p=1,v=5,"1=2-3^-4=5",1,23,19,147,171,995,1387,6915,
Mixed Prime,000196,p=1,v=5,"1=2-3-4=5-3",1,23,25,147,261,1055,2409,8227,
Mixed Prime,000197,p=1,v=5,"1-2=3-4=5^",1,25,1,165,1,1225,1,9605,
Mixed Prime,000198,p=1,v=5,"1^-2^-3^-4^-5^",-3,11,-21,55,-133,341,-871,2255,
Mixed Prime,000199,p=1,v=5,"1^-2^-3-4^-5^-3",-3,13,-15,49,-73,205,-353,897,
Mixed Prime,000200,p=1,v=5,"1^-2^-3-4^^ 3-5^",-3,13,-21,65,-143,397,-983,2641,
Mixed Prime,000201,p=1,v=5,"1^^-2^-3-4^ 3-5^",-3,13,-21,73,-163,493,-1263,3617,
Mixed Prime,000202,p=1,v=5,"1^-2-3^-5^-4^-2",-3,13,-21,77,-183,577,-1557,4613,
Mixed Prime,000203,p=1,v=5,"1^^-2-3^-4-2 4-5^",-3,15,-15,71,-93,381,-619,2191,
Mixed Prime,000204,p=1,v=5,"1^-2^-5-3-4^-5 1-3",-3,15,-15,79,-103,453,-731,2751,
Mixed Prime,000205,p=1,v=5,"1^^-2-3^-4^-5^",-3,15,-21,71,-133,381,-815,2159,
Mixed Prime,000206,p=1,v=5,"1^-2^-4^-5-3^-1",-3,15,-21,79,-143,453,-955,2751,
Mixed Prime,000207,p=1,v=5,"1^^-2^-3-4^-5^",-3,15,-21,79,-153,489,-1123,3295,
Mixed Prime,000208,p=1,v=5,"1^^-2^-3^-4-5^",-3,15,-21,87,-173,597,-1431,4463,
Mixed Prime,000209,p=1,v=5,"1^^-2-3-4^-5-3 2-5",-3,17,-9,93,-43,557,-269,3461,
Mixed Prime,000210,p=1,v=5,"1^^-2-3-4^-5^-3",-3,17,-15,73,-73,341,-381,1665,
Mixed Prime,000211,p=1,v=5,"1^^-2^-3-4^-5-3",-3,17,-15,97,-113,629,-941,4337,
Mixed Prime,000212,p=1,v=5,"1^^-2-3-4^^ 3-5^",-3,17,-21,89,-143,509,-955,3025,
Mixed Prime,000213,p=1,v=5,"1^^-2-3^-5-4^-2",-3,17,-21,93,-163,605,-1305,4293,
Mixed Prime,000214,p=1,v=5,"1^-2-3-4^^ 3-5^^",-3,17,-21,97,-163,629,-1291,4385,
Mixed Prime,000215,p=1,v=5,"1^^-2-3^-5^-4-2",-3,17,-21,101,-163,653,-1277,4485,
Mixed Prime,000216,p=1,v=5,"1^-2^-3^-4=5^",-3,17,-27,101,-223,713,-1823,5477,
Mixed Prime,000217,p=1,v=5,"1^^-2-3-4-2 4-5^^",-3,19,-15,119,-93,757,-591,4847,
Mixed Prime,000218,p=1,v=5,"1^^-2-3^-4-5^^",-3,19,-21,87,-133,445,-815,2415,
Mixed Prime,000219,p=1,v=5,"1^-2^-3-1 3-4=5^",-3,19,-21,99,-153,607,-1165,4067,
Mixed Prime,000220,p=1,v=5,"1^^-2^-3-4-5^^",-3,19,-21,111,-153,697,-1123,4511,
Mixed Prime,000221,p=1,v=5,"1^-2^-3=4-5^^",-3,19,-21,115,-173,799,-1501,5955,
Mixed Prime,000222,p=1,v=5,"1^-2^-4=5-3^-1",-3,19,-21,119,-153,757,-1095,4847,
Mixed Prime,000223,p=1,v=5,"1^^-2^-3^-4^-5",-3,19,-21,119,-173,829,-1487,6127,
Mixed Prime,000224,p=1,v=5,"1^^-2^-3=4-5^",-3,19,-21,123,-173,859,-1473,6307,
Mixed Prime,000225,p=1,v=5,"1^^-2-3^ 2-4=5^",-3,19,-27,115,-223,787,-1795,5731,
Mixed Prime,000226,p=1,v=5,"1^^-2^-3-4=5-3",-3,21,-9,137,-23,981,-3,7297,
Mixed Prime,000227,p=1,v=5,"1^^-2^-3^-4=5",-3,21,-15,141,-103,1029,-843,7781,
Mixed Prime,000228,p=1,v=5,"1^^-2^-3-4^^ 3-5",-3,21,-21,137,-163,957,-1319,6881,
Mixed Prime,000229,p=1,v=5,"1^^-2-3^-5=4-2",-3,21,-21,145,-183,1101,-1711,8785,
Mixed Prime,000230,p=1,v=5,"1-2^-3-4^^ 3-5^^",-3,21,-21,121,-163,813,-1375,5921,
Mixed Prime,000231,p=1,v=5,"1^^-2^-3-4=5^",-3,21,-27,133,-223,909,-1767,6373,
Mixed Prime,000232,p=1,v=5,"1^^-2-3^-4=5^",-3,21,-27,117,-223,765,-1767,5445,
Mixed Prime,000233,p=1,v=5,"1^^-2-3^^ 2-4=5",-3,23,-15,147,-83,1055,-591,7971,
Mixed Prime,000234,p=1,v=5,"1^^-2-3=4-5^^",-3,23,-21,139,-153,935,-1193,6595,
Mixed Prime,000235,p=1,v=5,"1^^-2=3-4=5^",-3,25,-27,165,-243,1225,-2187,9605,
Mixed Prime,000236,p=1,v=5,"1^-2-3-4-5^",3,11,21,55,133,341,871,2255,
Mixed Prime,000237,p=1,v=5,"1^-2-3-4^ 3-5",3,13,21,65,143,397,983,2641,
Mixed Prime,000238,p=1,v=5,"1-2-3-4^ 3-5^",3,13,21,73,163,493,1263,3617,
Mixed Prime,000239,p=1,v=5,"1^-2-3-5-4-2",3,13,21,77,183,577,1557,4613,
Mixed Prime,000240,p=1,v=5,"1^-2-3-4-5-3",3,13,27,81,213,613,1725,4961,
Mixed Prime,000241,p=1,v=5,"1^-2-3-4^-5",3,15,21,71,133,381,815,2159,
Mixed Prime,000242,p=1,v=5,"1^-2-3^-4-5",3,15,21,79,153,489,1123,3295,
Mixed Prime,000243,p=1,v=5,"1^-2-4-5-3-1",3,15,21,79,163,525,1291,3839,
Mixed Prime,000244,p=1,v=5,"1^-2^-3-4-5",3,15,21,87,173,597,1431,4463,
Mixed Prime,000245,p=1,v=5,"1^-2-3-4-2 4-5",3,15,27,87,213,621,1683,4815,
Mixed Prime,000246,p=1,v=5,"1-2-5-3-4-5 1-3",3,15,27,95,243,765,2187,6655,
Mixed Prime,000247,p=1,v=5,"1-2^-3-4^ 3-5",3,17,21,89,143,509,955,3025,
Mixed Prime,000248,p=1,v=5,"1-2-3-5^-4-2",3,17,21,93,163,605,1305,4293,
Mixed Prime,000249,p=1,v=5,"1^-2^-3-4 3-5",3,17,21,97,163,629,1291,4385,
Mixed Prime,000250,p=1,v=5,"1-2-3^-5-4-2",3,17,21,101,163,653,1277,4485,
Mixed Prime,000251,p=1,v=5,"1-2-3-4^-5-3",3,17,27,97,213,653,1641,4753,
Mixed Prime,000252,p=1,v=5,"1^-2-3-4=5",3,17,27,101,223,713,1823,5477,
Mixed Prime,000253,p=1,v=5,"1-2^-3-4-5-3",3,17,27,105,213,701,1641,4961,
Mixed Prime,000254,p=1,v=5,"1-2-3-4-5-3 2-5",3,17,33,109,283,845,2397,7077,
Mixed Prime,000255,p=1,v=5,"1-2^-3-4^-5",3,19,21,87,133,445,815,2415,
Mixed Prime,000256,p=1,v=5,"1-2^-3^-4-5",3,19,21,111,153,697,1123,4511,
Mixed Prime,000257,p=1,v=5,"1^-2-3=4-5",3,19,21,115,173,799,1501,5955,
Mixed Prime,000258,p=1,v=5,"1-2-4=5-3-1",3,19,21,119,193,901,1879,7407,
Mixed Prime,000259,p=1,v=5,"1^^-2-3-4-5",3,19,21,119,173,829,1487,6127,
Mixed Prime,000260,p=1,v=5,"1-2-3=4-5^",3,19,21,123,173,859,1473,6307,
Mixed Prime,000261,p=1,v=5,"1-2-3^-4-2 4-5",3,19,27,103,213,661,1599,4591,
Mixed Prime,000262,p=1,v=5,"1^-2-3 2-4=5",3,19,27,115,223,787,1795,5731,
Mixed Prime,000263,p=1,v=5,"1-2-3-4=5^",3,21,15,141,103,1029,843,7781,
Mixed Prime,000264,p=1,v=5,"1-2-3-4^^ 3-5",3,21,21,137,163,957,1319,6881,
Mixed Prime,000265,p=1,v=5,"1-2-3-5=4-2",3,21,21,145,183,1101,1711,8785,
Mixed Prime,000266,p=1,v=5,"1^^-2-3-4 3-5",3,21,21,121,163,813,1375,5921,
Mixed Prime,000267,p=1,v=5,"1-2-3^-4=5",3,21,27,133,223,909,1767,6373,
Mixed Prime,000268,p=1,v=5,"1-2^-3-4=5",3,21,27,117,223,765,1767,5445,
Mixed Prime,000269,p=1,v=5,"1-2-3-4=5-3",3,21,33,137,303,1029,2635,8257,
Mixed Prime,000270,p=1,v=5,"1-2-3 2-4=5^",3,23,15,147,83,1055,591,7971,
Mixed Prime,000271,p=1,v=5,"1-2^-3=4-5",3,23,21,139,153,935,1193,6595,
Mixed Prime,000272,p=1,v=5,"1-2=3-4=5",3,25,27,165,243,1225,2187,9605,
Mixed Prime,000273,p=1,v=5,"1^-2^-4^-5^-3^-1",-5,15,-35,95,-245,645,-1685,4415,
Mixed Prime,000274,p=1,v=5,"1^^-2^-3^-4^-5^",-5,15,-35,95,-255,705,-1965,5535,
Mixed Prime,000275,p=1,v=5,"1^^-2^-3-4^-5^-3",-5,17,-29,89,-195,557,-1391,3873,
Mixed Prime,000276,p=1,v=5,"1^-2^-3-4^^ 3-5^^",-5,17,-35,97,-245,677,-1853,5217,
Mixed Prime,000277,p=1,v=5,"1^^-2^-3-4^^ 3-5^",-5,17,-35,105,-265,749,-2021,5649,
Mixed Prime,000278,p=1,v=5,"1^^-2-3^-5^-4^-2",-5,17,-35,109,-285,845,-2399,7077,
Mixed Prime,000279,p=1,v=5,"1^^-2-3^-4-2 4-5^^",-5,19,-29,103,-195,613,-1321,3823,
Mixed Prime,000280,p=1,v=5,"1^^-2^-3^-4-5^^",-5,19,-35,111,-255,745,-1909,5407,
Mixed Prime,000281,p=1,v=5,"1^^-2^-3-4^-5^^",-5,19,-35,119,-275,829,-2105,5999,
Mixed Prime,000282,p=1,v=5,"1^^-2-3-4^^ 3-5^^",-5,21,-35,121,-245,765,-1769,5217,
Mixed Prime,000283,p=1,v=5,"1^^-2^-3^-4=5^",-5,21,-41,141,-345,1077,-2917,8741,
Mixed Prime,000284,p=1,v=5,"1^^-2-3^^ 2-4=5^",-5,23,-41,147,-325,1055,-2665,8227,
Mixed Prime,000285,p=1,v=5,"1-2-4-5-3-1",5,15,35,95,265,765,2245,6655,
Mixed Prime,000286,p=1,v=5,"1^-2-3-4-5",5,15,35,95,255,705,1965,5535,
Mixed Prime,000287,p=1,v=5,"1^-2-3-4 3-5",5,17,35,97,245,677,1853,5217,
Mixed Prime,000288,p=1,v=5,"1-2-3-4^ 3-5",5,17,35,105,265,749,2021,5649,
Mixed Prime,000289,p=1,v=5,"1-2-3-5-4-2",5,17,35,109,285,845,2399,7077,
Mixed Prime,000290,p=1,v=5,"1-2-3-4-5-3",5,17,41,121,335,965,2763,8001,
Mixed Prime,000291,p=1,v=5,"1-2^-3-4-5",5,19,35,111,255,745,1909,5407,
Mixed Prime,000292,p=1,v=5,"1-2-3^-4-5",5,19,35,119,275,829,2105,5999,
Mixed Prime,000293,p=1,v=5,"1-2-3-4-2 4-5",5,19,41,119,315,901,2553,7407,
Mixed Prime,000294,p=1,v=5,"1-2^-3-4 3-5",5,21,35,121,245,765,1769,5217,
Mixed Prime,000295,p=1,v=5,"1-2-3-4=5",5,21,41,141,345,1077,2917,8741,
Mixed Prime,000296,p=1,v=5,"1-2-3 2-4=5",5,23,41,147,325,1055,2665,8227,
Mixed Prime,000297,p=1,v=5,"1^^-2^-3^-4^-5^^",-7,19,-49,135,-377,1069,-3059,8815,
Mixed Prime,000298,p=1,v=5,"1^^-2^-3-4^^ 3-5^^",-7,21,-49,137,-367,1029,-2891,8257,
Mixed Prime,000299,p=1,v=5,"1-2-3-4-5",7,19,49,135,377,1069,3059,8815,
Mixed Prime,000300,p=1,v=5,"1-2-3-4 3-5",7,21,49,137,367,1029,2891,8257,
Mixed Prime,000301,p=1,v=6,"1^-2-3^-4-5^ 4-6^",0,12,0,44,-10,180,-84,772,
Mixed Prime,000302,p=1,v=6,"1^-2^-3-4-5^ 4-6^",0,12,0,44,10,180,84,772,
Mixed Prime,000303,p=1,v=6,"1^-2^-3-4^ 3-5-6^",0,12,0,48,0,222,0,1056,
Mixed Prime,000304,p=1,v=6,"1^-2-3-4^ 2-5-3 5-6^",0,12,6,48,60,234,420,1248,
Mixed Prime,000305,p=1,v=6,"1^-2^-3-4^-5-6^",0,14,0,50,0,194,0,786,
Mixed Prime,000306,p=1,v=6,"1^-2^-3^-4-5-6^",0,14,0,66,0,362,0,2034,
Mixed Prime,000307,p=1,v=6,"1^-2-3-4^-5-3 5-6^",0,14,6,54,50,242,336,1190,
Mixed Prime,000308,p=1,v=6,"1^-2-3^ 2-4-5^-6-4",0,14,6,58,50,278,350,1442,
Mixed Prime,000309,p=1,v=6,"1^-2^-3-4-5-3 5-6^",0,14,6,70,70,410,588,2534,
Mixed Prime,000310,p=1,v=6,"1^-2-3-5^-6-4^-2",0,16,0,64,10,286,112,1344,
Mixed Prime,000311,p=1,v=6,"1^^-2-3-4^ 3-5-6^",0,16,0,72,0,370,0,2000,
Mixed Prime,000312,p=1,v=6,"1^-2-3-5^-6^-4-2",0,16,0,72,10,370,112,2000,
Mixed Prime,000313,p=1,v=6,"1-2^-3^-4-5^ 4-6^",0,16,0,76,-10,400,-112,2212,
Mixed Prime,000314,p=1,v=6,"1^^-2-3-4-5^ 4-6^",0,16,0,76,10,400,112,2212,
Mixed Prime,000315,p=1,v=6,"1^-2-3-4^-6-5^-3",0,16,0,76,-20,412,-224,2340,
Mixed Prime,000316,p=1,v=6,"1^-2^-3-4-6^-5-3",0,16,0,76,20,412,224,2340,
Mixed Prime,000317,p=1,v=6,"1^-2-3^-5^-6-4-2",0,16,0,80,10,454,112,2688,
Mixed Prime,000318,p=1,v=6,"1^-2-3^ 2-4=5-6^",0,16,0,84,0,496,0,3044,
Mixed Prime,000319,p=1,v=6,"1^-2-3-4-5^^ 4-6^",0,16,0,84,-10,508,-112,3172,
Mixed Prime,000320,p=1,v=6,"1^-2^-3^-4-5^ 4-6",0,16,0,84,10,508,112,3172,
Mixed Prime,000321,p=1,v=6,"1^-2-3-4^-6-2 3-5-6",0,16,0,100,0,688,0,4804,
Mixed Prime,000322,p=1,v=6,"1^-2-3^-4-5^-6-4",0,16,6,68,40,316,238,1540,
Mixed Prime,000323,p=1,v=6,"1^-2-3-4-5^-6^-4",0,16,6,68,60,340,462,1860,
Mixed Prime,000324,p=1,v=6,"1^-2-3-6-4-5^-6 2-4",0,16,6,76,80,436,714,2724,
Mixed Prime,000325,p=1,v=6,"1^-2-3-4^-5-6-2 3-6",0,16,6,80,70,466,616,2912,
Mixed Prime,000326,p=1,v=6,"1^-2-3^-6-4-5-6 2-4",0,16,6,92,60,604,546,4100,
Mixed Prime,000327,p=1,v=6,"1^-2^-3^-4-5-6-4",0,16,6,100,80,700,798,5060,
Mixed Prime,000328,p=1,v=6,"1^-2-3-4-5^-6-4 3-6",0,16,12,76,100,436,756,2724,
Mixed Prime,000329,p=1,v=6,"1^-2^-3-4-5-6-4 3-6",0,16,12,92,140,652,1316,4932,
Mixed Prime,000330,p=1,v=6,"1^-2-3-5-4-2 3-6-4 5-6",0,16,12,100,140,736,1372,5700,
Mixed Prime,000331,p=1,v=6,"1^-2-4^-6-5^-3-1",0,18,0,66,0,282,0,1314,
Mixed Prime,000332,p=1,v=6,"1^^-2-3^-4-5-6^",0,18,0,82,0,426,0,2338,
Mixed Prime,000333,p=1,v=6,"1^^-2-3-4-5^-6^",0,18,0,90,20,498,252,2898,
Mixed Prime,000334,p=1,v=6,"1^-2^-3-4=5-6^",0,18,0,94,20,546,252,3334,
Mixed Prime,000335,p=1,v=6,"1^-2-6-3-4^-5-6 1-3",0,18,0,98,0,618,0,4066,
Mixed Prime,000336,p=1,v=6,"1^^-2^-3-4-5-6^",0,18,0,106,-20,714,-252,4978,
Mixed Prime,000337,p=1,v=6,"1^^-2-3-4-5-2 5-6^",0,18,0,106,20,714,252,4978,
Mixed Prime,000338,p=1,v=6,"1^-2-3^ 2-4-5=6^",0,18,-6,98,-60,606,-532,3970,
Mixed Prime,000339,p=1,v=6,"1^-2-3-4^ 3-5=6^",0,18,-6,98,-80,630,-784,4322,
Mixed Prime,000340,p=1,v=6,"1^-2-4-5^-6-4 1-3-6",0,18,6,74,70,378,574,2178,
Mixed Prime,000341,p=1,v=6,"1-2^-3-4^-5-3 5-6^",0,18,6,78,50,366,336,1798,
Mixed Prime,000342,p=1,v=6,"1-2^-4-5^-6-4 1-3-6",0,18,6,82,70,450,602,2706,
Mixed Prime,000343,p=1,v=6,"1^-2-3 2-4-5^-6^-4",0,18,6,82,70,438,602,2562,
Mixed Prime,000344,p=1,v=6,"1^-2^-3-4^-5-3 5-6",0,18,6,86,70,486,616,2982,
Mixed Prime,000345,p=1,v=6,"1-2^-4-5-6-4 1-3^-6",0,18,6,90,70,498,630,2978,
Mixed Prime,000346,p=1,v=6,"1^^-2-3-4-5-3 5-6^",0,18,6,94,70,582,644,3846,
Mixed Prime,000347,p=1,v=6,"1^-2-3^ 2-4^-5=6",0,18,6,98,60,606,532,3970,
Mixed Prime,000348,p=1,v=6,"1^-2^-4-5-6-4 1-3-6",0,18,6,98,70,618,658,4146,
Mixed Prime,000349,p=1,v=6,"1^-2^-3-4^ 3-5=6",0,18,6,98,80,630,784,4322,
Mixed Prime,000350,p=1,v=6,"1^-2-3-4-5-3 5-6^^",0,18,6,102,50,654,420,4390,
Mixed Prime,000351,p=1,v=6,"1^-2-3-6-4-1 4-5-2 5-6",0,18,6,106,90,726,938,5266,
Mixed Prime,000352,p=1,v=6,"1^^-2-3^ 2-4-5-6-4",0,18,6,114,70,822,714,6146,
Mixed Prime,000353,p=1,v=6,"1^-2-3^ 2-4-5=6-4",0,18,12,98,140,642,1316,4674,
Mixed Prime,000354,p=1,v=6,"1^^-2^-3-4^ 3-5-6",0,20,0,128,0,926,0,6976,
Mixed Prime,000355,p=1,v=6,"1^-2-3-4^-6=5-3",0,20,0,128,-40,926,-560,6976,
Mixed Prime,000356,p=1,v=6,"1^-2^-3-4-6=5-3",0,20,0,128,40,926,560,6976,
Mixed Prime,000357,p=1,v=6,"1-2-3-4^-6^-5^-3",0,20,0,132,-20,1004,-280,7876,
Mixed Prime,000358,p=1,v=6,"1^^-2^-3-4-6-5-3",0,20,0,132,20,1004,280,7876,
Mixed Prime,000359,p=1,v=6,"1-2-3-4^-6-2 3-5^-6",0,20,0,132,-40,980,-560,7556,
Mixed Prime,000360,p=1,v=6,"1^^-2-3-4-6-2 3-5-6",0,20,0,132,40,980,560,7556,
Mixed Prime,000361,p=1,v=6,"1^^-2-3-4^ 3-5^-6",0,20,0,96,0,494,0,2624,
Mixed Prime,000362,p=1,v=6,"1-2^-3-4-5^^ 4-6^",0,20,0,100,-10,560,-140,3300,
Mixed Prime,000363,p=1,v=6,"1^^-2-3^-4-5^ 4-6",0,20,0,100,10,560,140,3300,
Mixed Prime,000364,p=1,v=6,"1-2^-3-4^-6-5^-3",0,20,0,100,-20,572,-280,3460,
Mixed Prime,000365,p=1,v=6,"1^^-2-3-4-6^-5-3",0,20,0,100,20,572,280,3460,
Mixed Prime,000366,p=1,v=6,"1-2-3^-5^-6-4^-2",0,20,0,104,10,578,140,3344,
Mixed Prime,000367,p=1,v=6,"1^^-2-3-5^-6-4-2",0,20,0,104,10,626,140,3984,
Mixed Prime,000368,p=1,v=6,"1^-2-3-4^^ 3-5^-6",0,20,0,104,-20,602,-280,3664,
Mixed Prime,000369,p=1,v=6,"1^^-2-3-4 3-5^-6^",0,20,0,104,20,602,280,3664,
Mixed Prime,000370,p=1,v=6,"1^-2-3^-4-5^^ 4-6",0,20,0,108,-10,644,-140,4036,
Mixed Prime,000371,p=1,v=6,"1^-2^-3-4-5^^ 4-6",0,20,0,108,10,644,140,4036,
Mixed Prime,000372,p=1,v=6,"1^-2-3-4^-6=5-2",0,20,0,108,10,668,140,4356,
Mixed Prime,000373,p=1,v=6,"1-2^-3-4^-6^-5-3",0,20,0,108,-20,632,-280,3876,
Mixed Prime,000374,p=1,v=6,"1^^-2-3-4^-6-5-3",0,20,0,108,20,632,280,3876,
Mixed Prime,000375,p=1,v=6,"1^-2-3^-4-6=5-2",0,20,0,108,30,668,420,4356,
Mixed Prime,000376,p=1,v=6,"1^^-2-3^-5-6-4-2",0,20,0,112,10,734,140,5056,
Mixed Prime,000377,p=1,v=6,"1-2-3^-5^-6^-4-2",0,20,0,112,10,686,140,4416,
Mixed Prime,000378,p=1,v=6,"1^-2-3^-5=6-4-2",0,20,0,112,20,710,280,4736,
Mixed Prime,000379,p=1,v=6,"1^^-2^-3-4-5^ 4-6",0,20,0,116,-10,776,-140,5444,
Mixed Prime,000380,p=1,v=6,"1-2-3^-4-5^^ 4-6^",0,20,0,116,10,776,140,5444,
Mixed Prime,000381,p=1,v=6,"1^-2-3-4-2 4-5=6^",0,20,0,120,-10,830,-140,6000,
Mixed Prime,000382,p=1,v=6,"1^^-2^-3-4 3-5-6^",0,20,0,120,-20,818,-280,5840,
Mixed Prime,000383,p=1,v=6,"1^-2^-3-4^^ 3-5-6",0,20,0,120,20,818,280,5840,
Mixed Prime,000384,p=1,v=6,"1^-2-3^-4-5=6^",0,20,-6,104,-70,614,-644,3888,
Mixed Prime,000385,p=1,v=6,"1^-2^-3-4-5=6^",0,20,-6,112,-50,698,-392,4576,
Mixed Prime,000386,p=1,v=6,"1^-2-3-4^-5=6^",0,20,-6,112,-90,746,-952,5344,
Mixed Prime,000387,p=1,v=6,"1^-2-3-4-2 3-5=6-4",0,20,6,128,80,938,868,7232,
Mixed Prime,000388,p=1,v=6,"1^^-2^-3-4-5-6-4",0,20,6,132,60,992,602,7748,
Mixed Prime,000389,p=1,v=6,"1-2^-3-4-5^-6^-4",0,20,6,84,60,392,434,1956,
Mixed Prime,000390,p=1,v=6,"1-2^-3^-4-5^-6-4",0,20,6,100,40,536,210,2948,
Mixed Prime,000391,p=1,v=6,"1^^-2-3-4-5^-6-4",0,20,6,100,60,560,490,3332,
Mixed Prime,000392,p=1,v=6,"1-2-3^-4-5^-6^-4",0,20,6,100,80,584,770,3716,
Mixed Prime,000393,p=1,v=6,"1^-2^-3-4^-5=6",0,20,6,104,70,614,644,3888,
Mixed Prime,000394,p=1,v=6,"1^-2=3-4-5^-6-4",0,20,6,108,50,644,378,4036,
Mixed Prime,000395,p=1,v=6,"1-2-3^-6-4-5^-6 2-4",0,20,6,108,60,632,518,3908,
Mixed Prime,000396,p=1,v=6,"1^-2-3^-4^-5=6",0,20,6,112,50,698,392,4576,
Mixed Prime,000397,p=1,v=6,"1^^-2-3-4^ 2-5-3 5-6",0,20,6,112,60,722,532,4928,
Mixed Prime,000398,p=1,v=6,"1^-2^-3^-4-5=6",0,20,6,112,90,746,952,5344,
Mixed Prime,000399,p=1,v=6,"1^^-2-3^-4-5-6-4",0,20,6,116,80,752,826,5220,
Mixed Prime,000400,p=1,v=6,"1-2-3-4^-5^-6-2 3-6",0,20,6,120,50,806,420,5680,
Mixed Prime,000401,p=1,v=6,"1^^-2-3-4-5-6-2 3-6",0,20,6,120,90,854,980,6448,
Mixed Prime,000402,p=1,v=6,"1^^-2-3-6-4-5-6 2-4",0,20,6,124,80,896,854,6820,
Mixed Prime,000403,p=1,v=6,"1^-2-3^-4-2 4-5=6",0,20,12,104,130,638,1148,4336,
Mixed Prime,000404,p=1,v=6,"1^-2-3^-4-5=6-4",0,20,12,108,130,668,1176,4548,
Mixed Prime,000405,p=1,v=6,"1^-2^-3-4-5=6-4",0,20,12,108,150,716,1456,5316,
Mixed Prime,000406,p=1,v=6,"1^^-2-3-4-5-6-4 3-6",0,20,12,116,140,812,1372,6180,
Mixed Prime,000407,p=1,v=6,"1^^-2^-3-4^-5-6",0,22,0,130,0,874,0,6194,
Mixed Prime,000408,p=1,v=6,"1^^-2-3-4^-5-2 5-6",0,22,0,130,0,826,0,5490,
Mixed Prime,000409,p=1,v=6,"1^-2-3-4=5-6^^",0,22,0,134,-20,934,-308,6854,
Mixed Prime,000410,p=1,v=6,"1^-2^-3^-4=5-6",0,22,0,134,20,934,308,6854,
Mixed Prime,000411,p=1,v=6,"1^^-2^-3^-4-5-6",0,22,0,146,0,1090,0,8530,
Mixed Prime,000412,p=1,v=6,"1-2-3-1 3-4^-5=6^",0,22,0,146,-10,1078,-154,8354,
Mixed Prime,000413,p=1,v=6,"1^^-2-3^-4-5^-6",0,22,0,98,0,490,0,2610,
Mixed Prime,000414,p=1,v=6,"1^^-2-3-4^-5^-6",0,22,0,114,0,610,0,3282,
Mixed Prime,000415,p=1,v=6,"1^-2-3-1 3-4-5=6^",0,22,0,122,-10,766,-154,5074,
Mixed Prime,000416,p=1,v=6,"1^^-2^-3-4-5^-6",0,22,0,122,-20,754,-308,4898,
Mixed Prime,000417,p=1,v=6,"1^^-2-3^-4^-5-6",0,22,0,122,20,754,308,4898,
Mixed Prime,000418,p=1,v=6,"1-2^-3^-4=5-6^",0,22,0,126,-20,766,-308,4838,
Mixed Prime,000419,p=1,v=6,"1^^-2-3-4=5-6^",0,22,0,126,20,766,308,4838,
Mixed Prime,000420,p=1,v=6,"1^-2^-3-4 3-5=6^",0,22,-6,130,-60,862,-532,6034,
Mixed Prime,000421,p=1,v=6,"1^-2-3 2-4^-5=6^",0,22,-6,130,-80,886,-840,6450,
Mixed Prime,000422,p=1,v=6,"1-2^-4-3-1 4-5=6^",0,22,-6,134,-60,898,-546,6342,
Mixed Prime,000423,p=1,v=6,"1-2^-3-4^ 3-5=6^",0,22,-6,122,-80,766,-812,5154,
Mixed Prime,000424,p=1,v=6,"1^-2-4-3-1 4-5=6^",0,22,-6,126,-60,826,-518,5734,
Mixed Prime,000425,p=1,v=6,"1^-2-3-4^^ 3-5=6",0,22,6,130,60,862,532,6034,
Mixed Prime,000426,p=1,v=6,"1^^-2-3^ 2-4-5=6",0,22,6,130,80,886,840,6450,
Mixed Prime,000427,p=1,v=6,"1^-2^-4-3-1 4-5=6",0,22,6,134,60,898,546,6342,
Mixed Prime,000428,p=1,v=6,"1-2-3^-5=6-4-1 2-4",0,22,6,134,70,898,700,6374,
Mixed Prime,000429,p=1,v=6,"1^^-2^-3-4-5-3 5-6",0,22,6,142,50,1042,420,8006,
Mixed Prime,000430,p=1,v=6,"1^=2-3-4-5-6-4 3-6",0,22,6,142,60,1066,574,8390,
Mixed Prime,000431,p=1,v=6,"1^^-2-3-4^-5-3 5-6",0,22,6,110,70,634,616,3942,
Mixed Prime,000432,p=1,v=6,"1^-2-3-5=6-4-1 2-4",0,22,6,118,90,778,952,5606,
Mixed Prime,000433,p=1,v=6,"1^^-2-3 2-4-5^-6-4",0,22,6,122,50,742,350,4706,
Mixed Prime,000434,p=1,v=6,"1^^-2-3-4^ 3-5=6",0,22,6,122,80,766,812,5154,
Mixed Prime,000435,p=1,v=6,"1-2^-3-4-5-3 5-6^^",0,22,6,126,50,754,364,4646,
Mixed Prime,000436,p=1,v=6,"1-2^-4-3^-1 4-5=6",0,22,6,126,60,826,518,5734,
Mixed Prime,000437,p=1,v=6,"1-2-3-4^-5-3 5-6^^",0,22,6,126,70,826,672,5766,
Mixed Prime,000438,p=1,v=6,"1^-2^-3-1 3-4-5=6",0,22,12,114,150,718,1414,5122,
Mixed Prime,000439,p=1,v=6,"1^-2-3-1 3-4^-5=6",0,22,12,122,110,742,854,4722,
Mixed Prime,000440,p=1,v=6,"1^-2-3-1 3-4-5=6-4",0,22,18,122,190,790,1666,5666,
Mixed Prime,000441,p=1,v=6,"1=2-3-4-5^-6-4 3-6",0,22,18,126,180,826,1554,5862,
Mixed Prime,000442,p=1,v=6,"1-2^-3-4^^ 3-5^-6",0,24,0,128,-20,774,-336,4960,
Mixed Prime,000443,p=1,v=6,"1^^-2-3-4 3-5-6^^",0,24,0,128,20,774,336,4960,
Mixed Prime,000444,p=1,v=6,"1-2-3^-4-2 4-5=6^",0,24,0,136,-10,894,-168,6256,
Mixed Prime,000445,p=1,v=6,"1-2^-3^-4-5^^ 4-6",0,24,0,140,-10,864,-168,5476,
Mixed Prime,000446,p=1,v=6,"1^^-2-3-4-5^^ 4-6",0,24,0,140,10,864,168,5476,
Mixed Prime,000447,p=1,v=6,"1-2-3^-5=6-4^-2",0,24,0,144,0,894,0,5664,
Mixed Prime,000448,p=1,v=6,"1^^-2^-3-4 3-5^-6",0,24,0,144,-20,942,-336,6432,
Mixed Prime,000449,p=1,v=6,"1^^-2-3-4^^ 3-5-6",0,24,0,144,20,942,336,6432,
Mixed Prime,000450,p=1,v=6,"1^^-2-3-5=6-4-2",0,24,0,144,40,990,672,7200,
Mixed Prime,000451,p=1,v=6,"1^^-2-3 2-4=5-6^",0,24,0,148,0,960,0,6436,
Mixed Prime,000452,p=1,v=6,"1^-2-3=4^ 2-5=6",0,24,0,148,0,1032,0,7588,
Mixed Prime,000453,p=1,v=6,"1-2-3^-4^-6=5-2",0,24,0,148,10,948,168,6244,
Mixed Prime,000454,p=1,v=6,"1^-2-3 2-4=5-6^^",0,24,0,148,-20,1032,-336,7588,
Mixed Prime,000455,p=1,v=6,"1^^-2-3^ 2-4=5-6",0,24,0,148,20,1032,336,7588,
Mixed Prime,000456,p=1,v=6,"1^^-2-3-4-6=5-2",0,24,0,148,30,1044,504,7780,
Mixed Prime,000457,p=1,v=6,"1^-2-3=5-6=4-2",0,24,0,148,40,1032,672,7588,
Mixed Prime,000458,p=1,v=6,"1-2^-3-4^-6=5-3",0,24,0,152,-40,1074,-672,7984,
Mixed Prime,000459,p=1,v=6,"1^^-2-3-4-6=5-3",0,24,0,152,40,1074,672,7984,
Mixed Prime,000460,p=1,v=6,"1^^-2^-3^-4-5 4-6",0,24,0,156,-10,1128,-168,8580,
Mixed Prime,000461,p=1,v=6,"1-2-3-4-5^^ 4-6^^",0,24,0,156,10,1128,168,8580,
Mixed Prime,000462,p=1,v=6,"1-2^-3-4^-5=6^",0,24,-6,128,-90,810,-952,5632,
Mixed Prime,000463,p=1,v=6,"1-2^-3^-4-5=6^",0,24,-6,136,-70,822,-644,5136,
Mixed Prime,000464,p=1,v=6,"1^^-2-3-4-5=6^",0,24,-6,144,-50,930,-336,6208,
Mixed Prime,000465,p=1,v=6,"1-2-3^-4^-5=6^",0,24,-6,152,-70,1086,-700,8208,
Mixed Prime,000466,p=1,v=6,"1^^-2-3^-4-5=6",0,24,6,128,90,810,952,5632,
Mixed Prime,000467,p=1,v=6,"1-2=3-4-5^-6^-4",0,24,6,132,90,852,966,5988,
Mixed Prime,000468,p=1,v=6,"1^^-2-3-4^-5=6",0,24,6,136,70,822,644,5136,
Mixed Prime,000469,p=1,v=6,"1-2^-3^-4^-5=6",0,24,6,144,50,930,336,6208,
Mixed Prime,000470,p=1,v=6,"1^^-2^-3-4-5=6",0,24,6,152,70,1086,700,8208,
Mixed Prime,000471,p=1,v=6,"1^^-2=3-4-5-6-4",0,24,6,164,50,1236,406,9764,
Mixed Prime,000472,p=1,v=6,"1-2^-3^-4-5=6-4",0,24,12,140,130,888,1148,5924,
Mixed Prime,000473,p=1,v=6,"1^^-2-3-4-5=6-4",0,24,12,140,150,936,1484,6820,
Mixed Prime,000474,p=1,v=6,"1^-2=3-4-5=6-4",0,24,12,148,140,1008,1372,7332,
Mixed Prime,000475,p=1,v=6,"1^^-2-3-4-2 4-5=6",0,24,12,152,130,1038,1232,7472,
Mixed Prime,000476,p=1,v=6,"1-2^-3-4=5-6^^",0,26,0,150,-20,986,-364,6886,
Mixed Prime,000477,p=1,v=6,"1^^-2-3^-4=5-6",0,26,0,150,20,986,364,6886,
Mixed Prime,000478,p=1,v=6,"1^-2-4=6-5=3-1",0,26,0,158,0,1130,0,8646,
Mixed Prime,000479,p=1,v=6,"1^^-2-3^^ 2-4-5 4-6",0,26,0,162,0,1154,0,8706,
Mixed Prime,000480,p=1,v=6,"1-2-3^-4=5-6^^",0,26,0,166,-20,1178,-364,8774,
Mixed Prime,000481,p=1,v=6,"1^^-2^-3-4=5-6",0,26,0,166,20,1178,364,8774,
Mixed Prime,000482,p=1,v=6,"1^^-2^-3=4-5-6",0,26,0,178,0,1322,0,10274,
Mixed Prime,000483,p=1,v=6,"1^^-2-3-4 3-5=6^",0,26,-6,154,-60,1022,-448,7122,
Mixed Prime,000484,p=1,v=6,"1^^-2-3 2-4-5=6^",0,26,-6,162,-60,1070,-476,7234,
Mixed Prime,000485,p=1,v=6,"1-2-3-4^^ 3-5=6^",0,26,-6,170,-60,1214,-504,9042,
Mixed Prime,000486,p=1,v=6,"1^=2-3-4-6=5-3",0,26,-6,178,-40,1334,-168,10402,
Mixed Prime,000487,p=1,v=6,"1-2^-3-4^^ 3-5=6",0,26,6,154,60,1022,448,7122,
Mixed Prime,000488,p=1,v=6,"1^^-2-3 2-4^-5=6",0,26,6,162,60,1070,476,7234,
Mixed Prime,000489,p=1,v=6,"1^=2-3-4-5=6-4",0,26,6,162,80,1142,840,8546,
Mixed Prime,000490,p=1,v=6,"1^^-2^-3-4 3-5=6",0,26,6,170,60,1214,504,9042,
Mixed Prime,000491,p=1,v=6,"1=2-3-4^-6=5-3",0,26,6,178,40,1334,168,10402,
Mixed Prime,000492,p=1,v=6,"1^^-2-3 2-4-5=6-4",0,26,12,162,140,1106,1316,7938,
Mixed Prime,000493,p=1,v=6,"1=2-3^-4-5=6-4",0,26,18,162,200,1094,1792,7714,
Mixed Prime,000494,p=1,v=6,"1-2^-3=4-5=6^",0,28,-6,172,-90,1180,-994,8580,
Mixed Prime,000495,p=1,v=6,"1-2=3-4^-5=6^",0,28,-6,180,-70,1312,-630,10116,
Mixed Prime,000496,p=1,v=6,"1^^-2-3=4-5=6",0,28,6,172,90,1180,994,8580,
Mixed Prime,000497,p=1,v=6,"1^^-2=3-4-5=6",0,28,6,180,70,1312,630,10116,
Mixed Prime,000498,p=1,v=6,"1-2-3=4^ 2-5=6^",0,28,-12,180,-140,1276,-1260,9444,
Mixed Prime,000499,p=1,v=6,"1^^-2-3=4 2-5=6",0,28,12,180,140,1276,1260,9444,
Mixed Prime,000500,p=1,v=6,"1^^-2=3-4=5-6",0,30,0,198,0,1470,0,11526,
Mixed Prime,000501,p=1,v=6,"1^-2^-3-4^ 3-5^-6^",-2,12,-14,48,-82,234,-478,1248,
Mixed Prime,000502,p=1,v=6,"1^-2^-3^-4-5^ 4-6^",-2,12,-14,52,-92,276,-590,1604,
Mixed Prime,000503,p=1,v=6,"1^-2^-3-4^-5-3 5-6^",-2,14,-8,54,-32,230,-142,1014,
Mixed Prime,000504,p=1,v=6,"1^-2^-3^-4-5^-6^",-2,14,-14,58,-82,278,-478,1426,
Mixed Prime,000505,p=1,v=6,"1^^-2-3^ 2-4-5^ 4-6^",-2,14,-14,66,-102,374,-730,2306,
Mixed Prime,000506,p=1,v=6,"1^-2^-3-4-5^-6-4 3-6",-2,16,-2,76,18,412,222,2340,
Mixed Prime,000507,p=1,v=6,"1^-2^-3-4-5^-6^-4",-2,16,-8,60,-22,244,-44,1028,
Mixed Prime,000508,p=1,v=6,"1^-2-3^-4-5^-6^-4",-2,16,-8,60,-42,244,-212,1028,
Mixed Prime,000509,p=1,v=6,"1^-2-3^-6-4-5^-6 2-4",-2,16,-8,76,-42,400,-240,2180,
Mixed Prime,000510,p=1,v=6,"1^-2^-3^-4-5^-6-4",-2,16,-8,76,-42,412,-268,2340,
Mixed Prime,000511,p=1,v=6,"1^-2-3-4^-5^-6-2 3-6",-2,16,-8,88,-52,538,-394,3408,
Mixed Prime,000512,p=1,v=6,"1^^-2-3^-4-5^ 4-6^",-2,16,-14,68,-92,328,-562,1700,
Mixed Prime,000513,p=1,v=6,"1^^-2-3-4^ 3-5^-6^",-2,16,-14,72,-82,358,-478,1840,
Mixed Prime,000514,p=1,v=6,"1^-2-3^-5^-6-4^-2",-2,16,-14,72,-92,358,-562,1872,
Mixed Prime,000515,p=1,v=6,"1^-2^-3-4-5^^ 4-6^",-2,16,-14,76,-92,412,-618,2372,
Mixed Prime,000516,p=1,v=6,"1^-2^-3-4^-6-5^-3",-2,16,-14,76,-102,436,-758,2724,
Mixed Prime,000517,p=1,v=6,"1^-2-3^-4-5^^ 4-6^",-2,16,-14,76,-112,436,-842,2756,
Mixed Prime,000518,p=1,v=6,"1^-2-3^-5^-6^-4-2",-2,16,-14,80,-92,442,-618,2560,
Mixed Prime,000519,p=1,v=6,"1^-2^-3-4^^ 3-5-6^",-2,16,-14,80,-102,466,-758,2912,
Mixed Prime,000520,p=1,v=6,"1^-2^-3-4^-6^-5-3",-2,16,-14,84,-102,496,-758,3108,
Mixed Prime,000521,p=1,v=6,"1^^-2^-3-4-5^ 4-6^",-2,16,-14,84,-112,520,-898,3460,
Mixed Prime,000522,p=1,v=6,"1^^-2^-3-4^ 3-5-6^",-2,16,-14,88,-122,574,-1038,4016,
Mixed Prime,000523,p=1,v=6,"1^-2-3-4^-6^-5^-3",-2,16,-14,92,-142,652,-1318,4932,
Mixed Prime,000524,p=1,v=6,"1^-2-3-4^-6-2 3-5^-6",-2,16,-14,100,-142,736,-1374,5700,
Mixed Prime,000525,p=1,v=6,"1^-2^-3-1 3-4-5^-6-4",-2,18,-2,74,18,342,222,1698,
Mixed Prime,000526,p=1,v=6,"1^^-2-3-4^-5-3 5-6^",-2,18,-8,78,-32,378,-142,1942,
Mixed Prime,000527,p=1,v=6,"1^-2^-4-5^-6-4 1-3-6",-2,18,-8,82,-32,426,-156,2354,
Mixed Prime,000528,p=1,v=6,"1^-2-3-4^-5-3 5-6^^",-2,18,-8,86,-52,474,-366,2774,
Mixed Prime,000529,p=1,v=6,"1^^-2-3^ 2-4-5^-6-4",-2,18,-8,90,-52,522,-380,3202,
Mixed Prime,000530,p=1,v=6,"1^-2^-3-4-5-3 5-6^^",-2,18,-8,102,-32,618,-114,3830,
Mixed Prime,000531,p=1,v=6,"1^-2-3^-6-4-1 4-5-2 5-6",-2,18,-8,106,-32,666,-128,4290,
Mixed Prime,000532,p=1,v=6,"1^^-2^-3-4-5-3 5-6^",-2,18,-8,110,-52,762,-450,5462,
Mixed Prime,000533,p=1,v=6,"1^^-2-3^-4-5^-6^",-2,18,-14,74,-82,342,-478,1698,
Mixed Prime,000534,p=1,v=6,"1^^-2-3^-4^-5-6^",-2,18,-14,82,-102,414,-674,2226,
Mixed Prime,000535,p=1,v=6,"1^^-2-3-4^-5^-6^",-2,18,-14,90,-82,486,-478,2658,
Mixed Prime,000536,p=1,v=6,"1^^-2^-3-4^-5-6^",-2,18,-14,90,-122,534,-982,3490,
Mixed Prime,000537,p=1,v=6,"1^^-2^-3-4-5^-6^",-2,18,-14,98,-102,606,-786,3954,
Mixed Prime,000538,p=1,v=6,"1^^-2-3^-5-4-2 5-6^",-2,18,-14,102,-102,642,-786,4230,
Mixed Prime,000539,p=1,v=6,"1^-2-3^ 2-4^-5=6^",-2,18,-20,98,-182,654,-1542,4866,
Mixed Prime,000540,p=1,v=6,"1^^-2^-3-4-5-6-4 3-6",-2,20,-2,132,18,1004,278,7876,
Mixed Prime,000541,p=1,v=6,"1^^-2-3-5-4-2 3-6-4 5-6",-2,20,-2,132,38,980,558,7556,
Mixed Prime,000542,p=1,v=6,"1^^-2-3-4-5^-6-4 3-6",-2,20,-2,100,18,572,278,3460,
Mixed Prime,000543,p=1,v=6,"1^-2^-3^-4-5=6-4",-2,20,-2,116,48,764,670,5316,
Mixed Prime,000544,p=1,v=6,"1^^-2^-3^-4-5-6-4",-2,20,-8,140,-42,1064,-296,8324,
Mixed Prime,000545,p=1,v=6,"1^^-2-3-4-5^-6^-4",-2,20,-8,92,-22,464,-16,2468,
Mixed Prime,000546,p=1,v=6,"1^^-2-3^-4-5^-6-4",-2,20,-8,92,-42,464,-240,2468,
Mixed Prime,000547,p=1,v=6,"1^-2=3-4-5^-6^-4",-2,20,-8,100,-32,560,-128,3300,
Mixed Prime,000548,p=1,v=6,"1^^-2-3-6-4-5^-6 2-4",-2,20,-8,108,-22,668,-44,4356,
Mixed Prime,000549,p=1,v=6,"1^^-2^-3-4-5^-6-4",-2,20,-8,108,-62,680,-520,4548,
Mixed Prime,000550,p=1,v=6,"1^^-2-3-4^-5-6-2 3-6",-2,20,-8,112,-32,686,-86,4320,
Mixed Prime,000551,p=1,v=6,"1^-2^-3^-4^-5=6",-2,20,-8,120,-32,806,-142,5616,
Mixed Prime,000552,p=1,v=6,"1^^-2-3^-6-4-5-6 2-4",-2,20,-8,124,-42,860,-268,6180,
Mixed Prime,000553,p=1,v=6,"1^-2^-3-4^-6=5-3",-2,20,-14,128,-122,938,-1150,7232,
Mixed Prime,000554,p=1,v=6,"1^^-2-3-4^-6-2 3-5-6",-2,20,-14,132,-102,932,-814,6788,
Mixed Prime,000555,p=1,v=6,"1^^-2-3-4^ 3-5-6^^",-2,20,-14,96,-82,506,-478,2752,
Mixed Prime,000556,p=1,v=6,"1^^-2-3-5^-6-4^-2",-2,20,-14,96,-92,530,-646,3168,
Mixed Prime,000557,p=1,v=6,"1^^-2-3^-5-6-4^-2",-2,20,-14,104,-92,638,-702,4208,
Mixed Prime,000558,p=1,v=6,"1^^-2-3-4^^ 3-5-6^",-2,20,-14,104,-102,590,-702,3472,
Mixed Prime,000559,p=1,v=6,"1^-2^-3-4^^ 3-5^-6",-2,20,-14,104,-102,638,-814,4240,
Mixed Prime,000560,p=1,v=6,"1^^-2-3-4-5^^ 4-6^",-2,20,-14,108,-92,632,-590,3780,
Mixed Prime,000561,p=1,v=6,"1^^-2-3-4^-6^-5-3",-2,20,-14,108,-102,632,-702,3812,
Mixed Prime,000562,p=1,v=6,"1-2^-3^-4-5^^ 4-6^",-2,20,-14,108,-112,656,-870,4228,
Mixed Prime,000563,p=1,v=6,"1^^-2-3^-5^-6-4-2",-2,20,-14,112,-92,698,-646,4512,
Mixed Prime,000564,p=1,v=6,"1^-2-3^-5=6-4^-2",-2,20,-14,112,-102,674,-702,4160,
Mixed Prime,000565,p=1,v=6,"1^^-2^-3-4^ 3-5^-6",-2,20,-14,112,-122,722,-1038,4992,
Mixed Prime,000566,p=1,v=6,"1-2^-3-4^-6^-5^-3",-2,20,-14,116,-142,812,-1374,6180,
Mixed Prime,000567,p=1,v=6,"1^-2-3^-4^-6=5-2",-2,20,-14,116,-92,716,-590,4484,
Mixed Prime,000568,p=1,v=6,"1^-2^-3^-4-5^^ 4-6",-2,20,-14,116,-92,740,-646,4868,
Mixed Prime,000569,p=1,v=6,"1^^-2-3^ 2-4=5-6^",-2,20,-14,116,-102,740,-758,4900,
Mixed Prime,000570,p=1,v=6,"1^-2-3-4-5^^ 4-6^^",-2,20,-14,116,-112,764,-926,5316,
Mixed Prime,000571,p=1,v=6,"1^-2-3^ 2-4=5-6^^",-2,20,-14,116,-122,788,-1094,5732,
Mixed Prime,000572,p=1,v=6,"1^^-2^-3-4 3-5^-6^",-2,20,-14,120,-102,806,-814,5648,
Mixed Prime,000573,p=1,v=6,"1^^-2^-3-4^-6-5-3",-2,20,-14,124,-102,848,-814,6020,
Mixed Prime,000574,p=1,v=6,"1^^-2^-3^-4-5^ 4-6",-2,20,-14,124,-112,872,-982,6436,
Mixed Prime,000575,p=1,v=6,"1^-2^-3-4^-5=6^",-2,20,-20,104,-172,662,-1430,4720,
Mixed Prime,000576,p=1,v=6,"1^-2-3^-4^-5=6^",-2,20,-20,112,-192,746,-1682,5536,
Mixed Prime,000577,p=1,v=6,"1^^-2-3^ 2-4-5=6-4",-2,22,-2,130,38,886,586,6402,
Mixed Prime,000578,p=1,v=6,"1^-2^-3-1 3-4^-5=6",-2,22,-2,114,28,670,404,4226,
Mixed Prime,000579,p=1,v=6,"1^-2^-3-1 3-4-5=6-4",-2,22,4,114,108,706,1188,4930,
Mixed Prime,000580,p=1,v=6,"1^-2^-3-4^^ 3-5=6",-2,22,-8,130,-22,886,-30,6386,
Mixed Prime,000581,p=1,v=6,"1^^-2-3^ 2-4^-5=6",-2,22,-8,130,-42,862,-226,5970,
Mixed Prime,000582,p=1,v=6,"1^-2^-4-3^-1 4-5=6",-2,22,-8,142,-62,1066,-576,8390,
Mixed Prime,000583,p=1,v=6,"1^^-2-3^^ 2-4-5-6-4",-2,22,-8,146,-32,1090,-128,8450,
Mixed Prime,000584,p=1,v=6,"1-2^-3-4^-5-3 5-6^^",-2,22,-8,110,-52,598,-366,3414,
Mixed Prime,000585,p=1,v=6,"1^-2-3^-5=6-4-1 2-4",-2,22,-8,118,-32,718,-142,4662,
Mixed Prime,000586,p=1,v=6,"1^^-2-3-4-5-3 5-6^^",-2,22,-8,126,-32,790,-58,5110,
Mixed Prime,000587,p=1,v=6,"1^^-2^-3-4^-5-3 5-6",-2,22,-8,126,-52,838,-422,5942,
Mixed Prime,000588,p=1,v=6,"1^=2-3-4-5^-6-4 3-6",-2,22,-8,126,-62,826,-520,5734,
Mixed Prime,000589,p=1,v=6,"1^^-2^-3-4-5-6^^",-2,22,-14,130,-102,838,-730,5570,
Mixed Prime,000590,p=1,v=6,"1^^-2-3^^ 2-4-5^ 4-6",-2,22,-14,130,-102,886,-842,6402,
Mixed Prime,000591,p=1,v=6,"1^^-2^-3-4=5-6^",-2,22,-14,134,-102,886,-730,6022,
Mixed Prime,000592,p=1,v=6,"1^^-2^-3=4-5-6^",-2,22,-14,138,-122,970,-1066,7170,
Mixed Prime,000593,p=1,v=6,"1^^-2^-3^-4^-5-6",-2,22,-14,146,-102,1078,-842,8258,
Mixed Prime,000594,p=1,v=6,"1^^-2-3^-4-5-6^^",-2,22,-14,106,-82,550,-478,2962,
Mixed Prime,000595,p=1,v=6,"1^-2^-3-1 3-4-5=6^",-2,22,-14,114,-92,670,-660,4226,
Mixed Prime,000596,p=1,v=6,"1^^-2-3^-4=5-6^",-2,22,-14,118,-102,694,-730,4262,
Mixed Prime,000597,p=1,v=6,"1^-2-3-1 3-4^-5=6^",-2,22,-14,122,-132,790,-1220,5618,
Mixed Prime,000598,p=1,v=6,"1^^-2^-3^-4-5^-6",-2,22,-14,122,-122,790,-1094,5586,
Mixed Prime,000599,p=1,v=6,"1^^-2^-3-4^-5^-6",-2,22,-14,122,-122,742,-982,4754,
Mixed Prime,000600,p=1,v=6,"1^-2^-3-4=5-6^^",-2,22,-14,126,-102,838,-842,5958,
Mixed Prime,000601,p=1,v=6,"1^^-2-3^ 2-4-5=6^",-2,22,-20,130,-162,838,-1234,5554,
Mixed Prime,000602,p=1,v=6,"1^-2-3-4^^ 3-5=6^",-2,22,-20,130,-182,862,-1542,6098,
Mixed Prime,000603,p=1,v=6,"1^-2^-4-3-1 4-5=6^",-2,22,-20,134,-182,898,-1528,6342,
Mixed Prime,000604,p=1,v=6,"1^^-2-3-4^ 3-5=6^",-2,22,-20,122,-162,766,-1262,5090,
Mixed Prime,000605,p=1,v=6,"1-2^-4-3^-1 4-5=6^",-2,22,-20,126,-182,826,-1556,5862,
Mixed Prime,000606,p=1,v=6,"1^^-2-3^-4-5=6-4",-2,24,-2,132,48,816,698,5476,
Mixed Prime,000607,p=1,v=6,"1^^-2-3^-4-2 4-5=6",-2,24,-2,136,28,870,446,5936,
Mixed Prime,000608,p=1,v=6,"1^^-2^-3-4-5=6-4",-2,24,-2,148,28,1056,474,8004,
Mixed Prime,000609,p=1,v=6,"1^^-2-3^-4^-5=6",-2,24,-8,136,-32,846,-86,5520,
Mixed Prime,000610,p=1,v=6,"1^^-2=3-4-5^-6-4",-2,24,-8,140,-72,936,-716,6724,
Mixed Prime,000611,p=1,v=6,"1^^-2-3-4^^ 2-5-3 5-6",-2,24,-8,144,-42,942,-170,6368,
Mixed Prime,000612,p=1,v=6,"1^^-2^-3-4^-5=6",-2,24,-8,144,-52,954,-338,6592,
Mixed Prime,000613,p=1,v=6,"1^^-2^-3^-4-5=6",-2,24,-8,152,-32,1110,-142,8592,
Mixed Prime,000614,p=1,v=6,"1^^-2-3-4-2 3-5=6-4",-2,24,-8,160,-22,1158,166,8608,
Mixed Prime,000615,p=1,v=6,"1^^-2-3-4^^ 3-5^-6",-2,24,-14,128,-102,738,-758,4480,
Mixed Prime,000616,p=1,v=6,"1^^-2-3^-4-5^^ 4-6",-2,24,-14,132,-92,792,-618,4964,
Mixed Prime,000617,p=1,v=6,"1-2^-3-4-5^^ 4-6^^",-2,24,-14,132,-112,816,-954,5476,
Mixed Prime,000618,p=1,v=6,"1^^-2-3^-4-6=5-2",-2,24,-14,140,-72,924,-394,6404,
Mixed Prime,000619,p=1,v=6,"1^^-2-3-4^-6=5-2",-2,24,-14,140,-92,900,-618,6020,
Mixed Prime,000620,p=1,v=6,"1^^-2-3^-5=6-4-2",-2,24,-14,144,-82,954,-478,6528,
Mixed Prime,000621,p=1,v=6,"1^^-2^-3-4 3-5-6^^",-2,24,-14,144,-102,954,-758,6592,
Mixed Prime,000622,p=1,v=6,"1-2-3^-4-5^^ 4-6^^",-2,24,-14,148,-92,1056,-730,8004,
Mixed Prime,000623,p=1,v=6,"1^^-2^-3-4-5^^ 4-6",-2,24,-14,148,-112,984,-842,6724,
Mixed Prime,000624,p=1,v=6,"1^^-2-3-4-2 4-5=6^",-2,24,-14,152,-112,1038,-842,7280,
Mixed Prime,000625,p=1,v=6,"1^^-2-3-4^-6=5-3",-2,24,-14,152,-122,1062,-1038,7760,
Mixed Prime,000626,p=1,v=6,"1^^-2^-3-4^^ 3-5-6",-2,24,-14,160,-102,1170,-758,8832,
Mixed Prime,000627,p=1,v=6,"1^^-2^-3-4-6=5-3",-2,24,-14,168,-82,1278,-478,9936,
Mixed Prime,000628,p=1,v=6,"1^^-2-3^-4-5=6^",-2,24,-20,128,-152,762,-1122,4800,
Mixed Prime,000629,p=1,v=6,"1^^-2-3-4^-5=6^",-2,24,-20,136,-172,870,-1430,5968,
Mixed Prime,000630,p=1,v=6,"1-2^-3^-4^-5=6^",-2,24,-20,144,-192,978,-1738,7168,
Mixed Prime,000631,p=1,v=6,"1^-2^-3=4-5=6^",-2,24,-20,148,-172,1044,-1500,7812,
Mixed Prime,000632,p=1,v=6,"1^-2=3-4^-5=6^",-2,24,-20,148,-192,1020,-1724,7492,
Mixed Prime,000633,p=1,v=6,"1^^-2^-3-4-5=6^",-2,24,-20,152,-172,1038,-1374,7248,
Mixed Prime,000634,p=1,v=6,"1^-2-3=4^ 2-5=6^",-2,24,-26,148,-242,1032,-2074,7588,
Mixed Prime,000635,p=1,v=6,"1^^-2-3-4^^ 3-5=6",-2,26,-8,154,-22,998,54,6834,
Mixed Prime,000636,p=1,v=6,"1^^-2-3^^ 2-4-5=6",-2,26,-8,162,-22,1142,26,8610,
Mixed Prime,000637,p=1,v=6,"1^=2-3^-4-5=6-4",-2,26,-8,162,-42,1142,-282,8610,
Mixed Prime,000638,p=1,v=6,"1-2^-3^-4=5-6^^",-2,26,-14,158,-142,1058,-1402,7590,
Mixed Prime,000639,p=1,v=6,"1^^-2-3-4=5-6^^",-2,26,-14,158,-102,1058,-786,7462,
Mixed Prime,000640,p=1,v=6,"1^^-2^-3=4-5^-6",-2,26,-14,162,-142,1106,-1374,8002,
Mixed Prime,000641,p=1,v=6,"1^^-2=3-4=5-6^",-2,26,-14,166,-122,1178,-1094,8838,
Mixed Prime,000642,p=1,v=6,"1^^-2^-3^-4=5-6",-2,26,-14,174,-102,1298,-786,10118,
Mixed Prime,000643,p=1,v=6,"1-2^-3-4^^ 3-5=6^",-2,26,-20,154,-182,1022,-1626,7314,
Mixed Prime,000644,p=1,v=6,"1^^-2-3 2-4^-5=6^",-2,26,-20,162,-182,1118,-1598,8130,
Mixed Prime,000645,p=1,v=6,"1^^-2^-3-4 3-5=6^",-2,26,-20,170,-182,1214,-1570,8978,
Mixed Prime,000646,p=1,v=6,"1^-2-5=6^ 3=4^ 1-3",-2,26,-26,158,-242,1082,-2074,7814,
Mixed Prime,000647,p=1,v=6,"1^^-2=3-4-5=6-4",-2,28,-2,180,18,1300,278,10020,
Mixed Prime,000648,p=1,v=6,"1^^-2=3-4^-5=6",-2,28,-8,180,-72,1264,-744,9348,
Mixed Prime,000649,p=1,v=6,"1^^-2^-3=4-5=6",-2,28,-8,188,-52,1396,-380,10916,
Mixed Prime,000650,p=1,v=6,"1^^-2-3=5-6=4-2",-2,28,-14,180,-62,1276,-142,9444,
Mixed Prime,000651,p=1,v=6,"1^^-2-3^^ 2-4=5-6",-2,28,-14,180,-82,1300,-534,10020,
Mixed Prime,000652,p=1,v=6,"1^^-2-3=4^ 2-5=6",-2,28,-14,180,-102,1276,-814,9572,
Mixed Prime,000653,p=1,v=6,"1^^-2-3 2-4=5-6^^",-2,28,-14,180,-122,1252,-1094,9124,
Mixed Prime,000654,p=1,v=6,"1^^-2-3=4-5=6^",-2,28,-20,172,-152,1180,-1192,8580,
Mixed Prime,000655,p=1,v=6,"1^^-2=3-4-5=6^",-2,28,-20,180,-172,1264,-1444,9220,
Mixed Prime,000656,p=1,v=6,"1^-2-3-4^ 3-5-6^",2,12,14,48,82,234,478,1248,
Mixed Prime,000657,p=1,v=6,"1^-2-3-4-5^ 4-6^",2,12,14,52,92,276,590,1604,
Mixed Prime,000658,p=1,v=6,"1^-2-3^-4-5-6^",2,14,14,58,82,278,478,1426,
Mixed Prime,000659,p=1,v=6,"1^-2-3^ 2-4-5^ 4-6",2,14,14,66,102,374,730,2306,
Mixed Prime,000660,p=1,v=6,"1^-2-3-4-5-3 5-6^",2,14,20,70,152,446,1122,3126,
Mixed Prime,000661,p=1,v=6,"1^-2-3^ 2-4-5-6-4",2,14,20,82,172,578,1444,4418,
Mixed Prime,000662,p=1,v=6,"1-2^-3-4-5^ 4-6^",2,16,14,68,92,328,562,1700,
Mixed Prime,000663,p=1,v=6,"1^-2-3-4^ 3-5^-6",2,16,14,72,82,358,478,1840,
Mixed Prime,000664,p=1,v=6,"1^-2-3^-4-5^ 4-6",2,16,14,76,92,412,618,2372,
Mixed Prime,000665,p=1,v=6,"1^-2-3-4-6^-5-3",2,16,14,76,102,436,758,2724,
Mixed Prime,000666,p=1,v=6,"1^-2^-3-4-5^ 4-6",2,16,14,76,112,436,842,2756,
Mixed Prime,000667,p=1,v=6,"1^-2^-3-4 3-5-6^",2,16,14,80,102,466,758,2912,
Mixed Prime,000668,p=1,v=6,"1^-2-3^-5-6-4-2",2,16,14,80,112,490,898,3264,
Mixed Prime,000669,p=1,v=6,"1^-2-3-4^-6-5-3",2,16,14,84,102,496,758,3108,
Mixed Prime,000670,p=1,v=6,"1-2-3^-4-5^ 4-6^",2,16,14,84,112,520,898,3460,
Mixed Prime,000671,p=1,v=6,"1^-2^-3-4^ 3-5-6",2,16,14,88,122,574,1038,4016,
Mixed Prime,000672,p=1,v=6,"1^-2^-3-4-6-5-3",2,16,14,92,142,652,1318,4932,
Mixed Prime,000673,p=1,v=6,"1^-2-3-4-6-2 3-5-6",2,16,14,100,142,736,1374,5700,
Mixed Prime,000674,p=1,v=6,"1^-2-3-4-5^-6-4",2,16,20,76,142,436,968,2724,
Mixed Prime,000675,p=1,v=6,"1^-2-3-4^ 2-5-3 5-6",2,16,20,80,162,502,1234,3520,
Mixed Prime,000676,p=1,v=6,"1^-2-3-4-5-6-2 3-6",2,16,20,88,192,634,1682,5072,
Mixed Prime,000677,p=1,v=6,"1^-2-3^-4-5-6-4",2,16,20,92,162,604,1304,4292,
Mixed Prime,000678,p=1,v=6,"1^-2^-3-4-5-6-4",2,16,20,92,182,652,1584,5060,
Mixed Prime,000679,p=1,v=6,"1^-2-3-6-4-5-6 2-4",2,16,20,92,182,664,1612,5220,
Mixed Prime,000680,p=1,v=6,"1^-2-3-4-5-6-4 3-6",2,16,26,92,222,676,1850,5444,
Mixed Prime,000681,p=1,v=6,"1-2^-4-6-5-3^-1",2,18,14,82,102,450,758,2754,
Mixed Prime,000682,p=1,v=6,"1^-2^-3-4-5^-6",2,18,14,82,102,414,674,2226,
Mixed Prime,000683,p=1,v=6,"1^-2-3-4^-5^-6",2,18,14,90,82,486,478,2658,
Mixed Prime,000684,p=1,v=6,"1^^-2-3-4-5-6^",2,18,14,98,102,606,786,3954,
Mixed Prime,000685,p=1,v=6,"1^-2-3-4=5-6^",2,18,14,102,102,642,786,4230,
Mixed Prime,000686,p=1,v=6,"1^-2^-3^-4-5-6",2,18,14,106,122,726,1094,5282,
Mixed Prime,000687,p=1,v=6,"1^-2-3-4^-5-3 5-6",2,18,20,86,152,498,1094,3190,
Mixed Prime,000688,p=1,v=6,"1^-2-3 2-4-5^-6-4",2,18,20,90,152,522,1080,3266,
Mixed Prime,000689,p=1,v=6,"1-2-4-5^-6-4 1-3-6",2,18,20,90,172,594,1444,4450,
Mixed Prime,000690,p=1,v=6,"1-2^-3-4-5-3 5-6^",2,18,20,94,152,546,1066,3350,
Mixed Prime,000691,p=1,v=6,"1-2-3-4^-5-3 5-6^",2,18,20,94,172,594,1374,4182,
Mixed Prime,000692,p=1,v=6,"1-2^-4-5-6-4 1-3-6",2,18,20,98,172,642,1416,4626,
Mixed Prime,000693,p=1,v=6,"1^-2-3^ 2-4-5=6",2,18,20,98,182,654,1542,4866,
Mixed Prime,000694,p=1,v=6,"1^-2^-3-4-5-3 5-6",2,18,20,102,172,690,1458,5078,
Mixed Prime,000695,p=1,v=6,"1-2-3-6-4-1 4-5-2 5-6",2,18,20,106,212,810,2060,6850,
Mixed Prime,000696,p=1,v=6,"1^-2-3-1 3-4-5-6-4",2,18,26,106,222,726,1794,5410,
Mixed Prime,000697,p=1,v=6,"1^-2-3-4-5=6^",2,20,8,120,32,806,142,5616,
Mixed Prime,000698,p=1,v=6,"1^-2-3-4-6=5-3",2,20,14,128,122,938,1150,7232,
Mixed Prime,000699,p=1,v=6,"1-2-3-4^-6-2 3-5-6",2,20,14,132,102,932,814,6788,
Mixed Prime,000700,p=1,v=6,"1-2^-3-4^ 3-5^-6",2,20,14,96,82,506,478,2752,
Mixed Prime,000701,p=1,v=6,"1-2-3-5^-6-4^-2",2,20,14,96,112,530,870,3232,
Mixed Prime,000702,p=1,v=6,"1^-2^-3-4 3-5^-6",2,20,14,104,102,590,702,3472,
Mixed Prime,000703,p=1,v=6,"1^^-2-3-4 3-5-6^",2,20,14,104,102,638,814,4240,
Mixed Prime,000704,p=1,v=6,"1-2-3^-5-6-4^-2",2,20,14,104,112,590,814,3504,
Mixed Prime,000705,p=1,v=6,"1-2-3-5^-6^-4-2",2,20,14,104,112,638,926,4272,
Mixed Prime,000706,p=1,v=6,"1-2^-3^-4-5^ 4-6",2,20,14,108,92,632,590,3780,
Mixed Prime,000707,p=1,v=6,"1-2^-3-4^-6-5-3",2,20,14,108,102,632,702,3812,
Mixed Prime,000708,p=1,v=6,"1^^-2-3-4-5^ 4-6",2,20,14,108,112,656,870,4228,
Mixed Prime,000709,p=1,v=6,"1^-2-3-5=6-4-2",2,20,14,112,142,770,1374,5824,
Mixed Prime,000710,p=1,v=6,"1-2-3^-5^-6-4-2",2,20,14,112,112,698,870,4576,
Mixed Prime,000711,p=1,v=6,"1^^-2-3-4^ 3-5-6",2,20,14,112,122,722,1038,4992,
Mixed Prime,000712,p=1,v=6,"1^-2-3-4-6=5-2",2,20,14,116,132,812,1262,6148,
Mixed Prime,000713,p=1,v=6,"1^^-2-3-4-6-5-3",2,20,14,116,142,812,1374,6180,
Mixed Prime,000714,p=1,v=6,"1^-2-3-4-5^^ 4-6",2,20,14,116,92,740,646,4868,
Mixed Prime,000715,p=1,v=6,"1^-2-3 2-4=5-6^",2,20,14,116,102,740,758,4900,
Mixed Prime,000716,p=1,v=6,"1^-2^-3^-4-5 4-6",2,20,14,116,112,764,926,5316,
Mixed Prime,000717,p=1,v=6,"1^-2-3^ 2-4=5-6",2,20,14,116,122,788,1094,5732,
Mixed Prime,000718,p=1,v=6,"1^-2-3-4^^ 3-5-6",2,20,14,120,102,806,814,5648,
Mixed Prime,000719,p=1,v=6,"1^^-2-3-5-6-4-2",2,20,14,120,112,854,1038,6448,
Mixed Prime,000720,p=1,v=6,"1-2-3-4^-6^-5-3",2,20,14,124,102,848,814,6020,
Mixed Prime,000721,p=1,v=6,"1-2-3-4-5^^ 4-6^",2,20,14,124,112,872,982,6436,
Mixed Prime,000722,p=1,v=6,"1^-2=3-4-5-6-4",2,20,20,132,172,944,1500,7076,
Mixed Prime,000723,p=1,v=6,"1-2^-3-4-5^-6-4",2,20,20,92,142,488,940,2788,
Mixed Prime,000724,p=1,v=6,"1^-2-3^-4-5=6",2,20,20,104,172,662,1430,4720,
Mixed Prime,000725,p=1,v=6,"1-2-3^-4-5^-6-4",2,20,20,108,162,656,1220,4228,
Mixed Prime,000726,p=1,v=6,"1-2-3-4-5^-6^-4",2,20,20,108,182,704,1556,5124,
Mixed Prime,000727,p=1,v=6,"1-2-3-6-4-5^-6 2-4",2,20,20,108,182,692,1528,4932,
Mixed Prime,000728,p=1,v=6,"1^-2^-3-4-5=6",2,20,20,112,192,746,1682,5536,
Mixed Prime,000729,p=1,v=6,"1-2-3-4^-5-6-2 3-6",2,20,20,112,172,734,1430,5216,
Mixed Prime,000730,p=1,v=6,"1-2-3^-6-4-5-6 2-4",2,20,20,124,162,836,1304,5860,
Mixed Prime,000731,p=1,v=6,"1-2^-3^-4-5-6-4",2,20,20,124,162,824,1276,5668,
Mixed Prime,000732,p=1,v=6,"1^^-2-3-4-5-6-4",2,20,20,124,182,872,1612,6564,
Mixed Prime,000733,p=1,v=6,"1^-2-3-4-5=6-4",2,20,26,116,232,812,1962,6212,
Mixed Prime,000734,p=1,v=6,"1^-2-3-4-2 4-5=6",2,20,26,120,232,830,1934,6192,
Mixed Prime,000735,p=1,v=6,"1^-2-3-4 3-5=6^",2,22,8,130,22,886,30,6386,
Mixed Prime,000736,p=1,v=6,"1^-2-3 2-4-5=6^",2,22,8,130,42,862,226,5970,
Mixed Prime,000737,p=1,v=6,"1-2-4-3-1 4-5=6^",2,22,8,142,62,1066,576,8390,
Mixed Prime,000738,p=1,v=6,"1^^-2-3 2-4-5^ 4-6",2,22,14,130,102,838,730,5570,
Mixed Prime,000739,p=1,v=6,"1^^-2-3^ 2-4-5 4-6",2,22,14,130,102,886,842,6402,
Mixed Prime,000740,p=1,v=6,"1-2-3^-4=5-6^",2,22,14,134,102,886,730,6022,
Mixed Prime,000741,p=1,v=6,"1^^-2-3-4-5-2 5-6",2,22,14,138,122,970,1066,7170,
Mixed Prime,000742,p=1,v=6,"1^-2-3-4 2-5=6-3",2,22,14,146,102,1078,842,8258,
Mixed Prime,000743,p=1,v=6,"1-2-3-1 3-4-5=6^",2,22,14,146,112,1078,968,8290,
Mixed Prime,000744,p=1,v=6,"1-2^-3^-4-5^-6",2,22,14,106,82,550,478,2962,
Mixed Prime,000745,p=1,v=6,"1-2^-3-4=5-6^",2,22,14,118,102,694,730,4262,
Mixed Prime,000746,p=1,v=6,"1^^-2-3^-4-5-6",2,22,14,122,122,790,1094,5586,
Mixed Prime,000747,p=1,v=6,"1^^-2-3-4^-5-6",2,22,14,122,122,742,982,4754,
Mixed Prime,000748,p=1,v=6,"1^-2-3^-4=5-6",2,22,14,126,102,838,842,5958,
Mixed Prime,000749,p=1,v=6,"1^-2-3 2-4^-5=6",2,22,20,130,162,838,1234,5554,
Mixed Prime,000750,p=1,v=6,"1^-2^-3-4 3-5=6",2,22,20,130,182,862,1542,6098,
Mixed Prime,000751,p=1,v=6,"1-2-3-5=6-4-1 2-4",2,22,20,134,192,982,1850,7862,
Mixed Prime,000752,p=1,v=6,"1-2^-4-3-1 4-5=6",2,22,20,134,182,898,1528,6342,
Mixed Prime,000753,p=1,v=6,"1-2-3-4-5-3 5-6^^",2,22,20,142,172,1006,1458,7414,
Mixed Prime,000754,p=1,v=6,"1^^-2-3 2-4-5-6-4",2,22,20,146,172,1042,1444,7682,
Mixed Prime,000755,p=1,v=6,"1-2^-3-4^-5-3 5-6",2,22,20,110,152,622,1094,3766,
Mixed Prime,000756,p=1,v=6,"1-2-3 2-4-5^-6^-4",2,22,20,114,172,706,1444,4930,
Mixed Prime,000757,p=1,v=6,"1-2^-3-4^ 3-5=6",2,22,20,122,162,766,1262,5090,
Mixed Prime,000758,p=1,v=6,"1^^-2-3-4-5-3 5-6",2,22,20,126,172,862,1514,6422,
Mixed Prime,000759,p=1,v=6,"1^-2-4-3-1 4-5=6",2,22,20,126,182,826,1556,5862,
Mixed Prime,000760,p=1,v=6,"1^-2-3 2-4-5=6-4",2,22,26,130,242,886,2046,6530,
Mixed Prime,000761,p=1,v=6,"1-2-3-1 3-4^-5=6",2,22,26,146,232,1030,1920,7458,
Mixed Prime,000762,p=1,v=6,"1^-2-3-1 3-4-5=6",2,22,26,122,232,814,1920,5970,
Mixed Prime,000763,p=1,v=6,"1-2^-3-4-5=6^",2,24,8,136,32,846,86,5520,
Mixed Prime,000764,p=1,v=6,"1-2-3^-4-5=6^",2,24,8,144,52,954,338,6592,
Mixed Prime,000765,p=1,v=6,"1-2-3-4^-5=6^",2,24,8,152,32,1110,142,8592,
Mixed Prime,000766,p=1,v=6,"1^^-2-3-4 3-5^-6",2,24,14,128,102,738,758,4480,
Mixed Prime,000767,p=1,v=6,"1-2^-3-4-5^^ 4-6",2,24,14,132,92,792,618,4964,
Mixed Prime,000768,p=1,v=6,"1^^-2-3^-4-5 4-6",2,24,14,132,112,816,954,5476,
Mixed Prime,000769,p=1,v=6,"1-2-3^-4-6=5-2",2,24,14,140,132,900,1178,6148,
Mixed Prime,000770,p=1,v=6,"1-2-3-4^-6=5-2",2,24,14,140,112,924,954,6532,
Mixed Prime,000771,p=1,v=6,"1-2^-3-4^^ 3-5-6",2,24,14,144,102,954,758,6592,
Mixed Prime,000772,p=1,v=6,"1-2-3^-5=6-4-2",2,24,14,144,122,954,1038,6656,
Mixed Prime,000773,p=1,v=6,"1^^-2^-3-4-5 4-6",2,24,14,148,92,1056,730,8004,
Mixed Prime,000774,p=1,v=6,"1-2-3^-4-5^^ 4-6",2,24,14,148,112,984,842,6724,
Mixed Prime,000775,p=1,v=6,"1-2-3-4-2 4-5=6^",2,24,14,152,92,1110,730,8560,
Mixed Prime,000776,p=1,v=6,"1-2^-3-4-6=5-3",2,24,14,152,122,1062,1038,7760,
Mixed Prime,000777,p=1,v=6,"1^^-2^-3-4 3-5-6",2,24,14,160,102,1170,758,8832,
Mixed Prime,000778,p=1,v=6,"1-2-3-4^-6=5-3",2,24,14,168,82,1278,478,9936,
Mixed Prime,000779,p=1,v=6,"1-2^-3-4^-5=6",2,24,20,128,152,762,1122,4800,
Mixed Prime,000780,p=1,v=6,"1-2^-3^-4-5=6",2,24,20,136,172,870,1430,5968,
Mixed Prime,000781,p=1,v=6,"1-2=3-4-5^-6-4",2,24,20,140,172,936,1472,6724,
Mixed Prime,000782,p=1,v=6,"1^^-2-3-4-5=6",2,24,20,144,192,978,1738,7168,
Mixed Prime,000783,p=1,v=6,"1^^-2-3-4 2-5-3 5-6",2,24,20,144,162,990,1346,7200,
Mixed Prime,000784,p=1,v=6,"1^-2=3-4-5=6",2,24,20,148,192,1020,1724,7492,
Mixed Prime,000785,p=1,v=6,"1^-2-3=4-5=6",2,24,20,148,172,1044,1500,7812,
Mixed Prime,000786,p=1,v=6,"1-2-3^-4^-5=6",2,24,20,152,172,1038,1374,7248,
Mixed Prime,000787,p=1,v=6,"1-2^-3-4-5=6-4",2,24,26,132,232,864,1934,6244,
Mixed Prime,000788,p=1,v=6,"1-2-3^-4-2 4-5=6",2,24,26,136,232,894,1906,6320,
Mixed Prime,000789,p=1,v=6,"1^-2-3=4 2-5=6",2,24,26,148,242,1032,2074,7588,
Mixed Prime,000790,p=1,v=6,"1-2-3^-4-5=6-4",2,24,26,148,252,1008,2158,7236,
Mixed Prime,000791,p=1,v=6,"1-2^-3-4 3-5=6^",2,26,8,154,22,998,-54,6834,
Mixed Prime,000792,p=1,v=6,"1-2-3 2-4^-5=6^",2,26,8,162,22,1142,-26,8610,
Mixed Prime,000793,p=1,v=6,"1^^-2-3-4=5-6",2,26,14,158,142,1058,1402,7590,
Mixed Prime,000794,p=1,v=6,"1-2^-3^-4=5-6",2,26,14,158,102,1058,786,7462,
Mixed Prime,000795,p=1,v=6,"1^^-2-3=4-5-6",2,26,14,162,142,1106,1374,8002,
Mixed Prime,000796,p=1,v=6,"1^-2=3-4=5-6",2,26,14,166,122,1178,1094,8838,
Mixed Prime,000797,p=1,v=6,"1-2-3-4=5-6^^",2,26,14,174,102,1298,786,10118,
Mixed Prime,000798,p=1,v=6,"1^^-2-3-4 3-5=6",2,26,20,154,182,1022,1626,7314,
Mixed Prime,000799,p=1,v=6,"1^^-2-3 2-4-5=6",2,26,20,162,182,1118,1598,8130,
Mixed Prime,000800,p=1,v=6,"1-2-3-4^^ 3-5=6",2,26,20,170,182,1214,1570,8978,
Mixed Prime,000801,p=1,v=6,"1^-2-5=6 3=4 1-3",2,26,26,158,242,1082,2074,7814,
Mixed Prime,000802,p=1,v=6,"1=2-3-4-5=6-4",2,26,32,162,322,1190,2914,9442,
Mixed Prime,000803,p=1,v=6,"1-2=3-4-5=6^",2,28,8,180,72,1264,744,9348,
Mixed Prime,000804,p=1,v=6,"1-2-3=4-5=6^",2,28,8,188,52,1396,380,10916,
Mixed Prime,000805,p=1,v=6,"1-2-3 2-4=5-6^^",2,28,14,180,82,1300,534,10020,
Mixed Prime,000806,p=1,v=6,"1-2-3=4^ 2-5=6",2,28,14,180,102,1276,814,9572,
Mixed Prime,000807,p=1,v=6,"1^^-2-3 2-4=5-6",2,28,14,180,122,1252,1094,9124,
Mixed Prime,000808,p=1,v=6,"1-2^-3=4-5=6",2,28,20,172,152,1180,1192,8580,
Mixed Prime,000809,p=1,v=6,"1-2=3-4^-5=6",2,28,20,180,172,1264,1444,9220,
Mixed Prime,000810,p=1,v=6,"1-2=3-4-5=6-4",2,28,26,180,262,1300,2466,10020,
Mixed Prime,000811,p=1,v=6,"1^-2^-3^-4-5^-6^-4",-4,16,-22,68,-124,340,-718,1860,
Mixed Prime,000812,p=1,v=6,"1^-2^-3-4^^ 3-5^-6^",-4,16,-28,80,-184,502,-1292,3520,
Mixed Prime,000813,p=1,v=6,"1^-2^-3^-4-5^^ 4-6^",-4,16,-28,84,-194,532,-1348,3620,
Mixed Prime,000814,p=1,v=6,"1^-2-3^-5^-6^-4^-2",-4,16,-28,88,-194,538,-1292,3408,
Mixed Prime,000815,p=1,v=6,"1^^-2^-3-4^ 3-5^-6^",-4,16,-28,88,-204,586,-1516,4240,
Mixed Prime,000816,p=1,v=6,"1^^-2^-3^-4-5^ 4-6^",-4,16,-28,92,-214,640,-1684,4868,
Mixed Prime,000817,p=1,v=6,"1^-2^-3-4^-6^-5^-3",-4,16,-28,92,-224,676,-1852,5444,
Mixed Prime,000818,p=1,v=6,"1^^-2-3^ 2-4-5^-6^-4",-4,18,-22,82,-134,438,-858,2562,
Mixed Prime,000819,p=1,v=6,"1^-2^-3-4^-5-3 5-6^^",-4,18,-22,86,-134,462,-844,2630,
Mixed Prime,000820,p=1,v=6,"1^-2^-4-5^-6-4 1-3^-6",-4,18,-22,90,-134,498,-886,2978,
Mixed Prime,000821,p=1,v=6,"1^^-2^-3-4^-5-3 5-6^",-4,18,-22,94,-154,582,-1180,3974,
Mixed Prime,000822,p=1,v=6,"1^^-2-3^^ 2-4-5^ 4-6^",-4,18,-28,98,-204,642,-1572,4674,
Mixed Prime,000823,p=1,v=6,"1^^-2^-3^-4^-5-6^",-4,18,-28,106,-224,738,-1824,5586,
Mixed Prime,000824,p=1,v=6,"1^^-2-3^-4-5^-6^-4",-4,20,-22,84,-124,392,-690,1956,
Mixed Prime,000825,p=1,v=6,"1^^-2^-3-4-5^-6^-4",-4,20,-22,100,-144,584,-1026,3716,
Mixed Prime,000826,p=1,v=6,"1^^-2-3^-6-4-5^-6 2-4",-4,20,-22,108,-144,656,-1054,4292,
Mixed Prime,000827,p=1,v=6,"1^^-2-3-4^^ 2-5-3 5-6^",-4,20,-22,112,-144,674,-984,4160,
Mixed Prime,000828,p=1,v=6,"1^^-2^-3^-4-5^-6-4",-4,20,-22,116,-164,776,-1362,5604,
Mixed Prime,000829,p=1,v=6,"1^^-2-3^-4-5^^ 4-6^",-4,20,-28,100,-194,584,-1320,3684,
Mixed Prime,000830,p=1,v=6,"1^^-2-3^-5^-6-4^-2",-4,20,-28,104,-194,626,-1376,4112,
Mixed Prime,000831,p=1,v=6,"1^^-2-3-4^^ 3-5^-6^",-4,20,-28,104,-184,602,-1236,3728,
Mixed Prime,000832,p=1,v=6,"1^-2^-3-4-5^^ 4-6^^",-4,20,-28,108,-194,668,-1432,4548,
Mixed Prime,000833,p=1,v=6,"1^-2-3^-4-5^^ 4-6^^",-4,20,-28,108,-214,716,-1712,5316,
Mixed Prime,000834,p=1,v=6,"1^^-2-3^-5^-6^-4-2",-4,20,-28,112,-194,686,-1376,4416,
Mixed Prime,000835,p=1,v=6,"1^^-2^-3-4^ 3-5-6^^",-4,20,-28,112,-204,710,-1516,4800,
Mixed Prime,000836,p=1,v=6,"1^^-2^-3-4-5^^ 4-6^",-4,20,-28,116,-214,752,-1600,5060,
Mixed Prime,000837,p=1,v=6,"1^^-2^-3-4^^ 3-5-6^",-4,20,-28,120,-224,818,-1796,5904,
Mixed Prime,000838,p=1,v=6,"1^^-2^-3-4^-6^-5-3",-4,20,-28,124,-224,848,-1796,6084,
Mixed Prime,000839,p=1,v=6,"1^-2^-3^-4^-5=6^",-4,20,-34,120,-274,854,-2216,6576,
Mixed Prime,000840,p=1,v=6,"1^^-2^-3-4-5-3 5-6^^",-4,22,-22,142,-154,970,-1152,6758,
Mixed Prime,000841,p=1,v=6,"1^^-2-3-4^-5-3 5-6^^",-4,22,-22,110,-134,610,-844,3526,
Mixed Prime,000842,p=1,v=6,"1^^-2-3^^ 2-4-5^-6-4",-4,22,-22,122,-154,790,-1222,5538,
Mixed Prime,000843,p=1,v=6,"1^^-2^-3^-4-5-6^^",-4,22,-28,130,-204,850,-1572,5906,
Mixed Prime,000844,p=1,v=6,"1^-2^-3^-4=5-6^^",-4,22,-28,134,-224,934,-1880,6982,
Mixed Prime,000845,p=1,v=6,"1^^-2^-3^-4^-5^-6",-4,22,-28,138,-224,970,-1880,7234,
Mixed Prime,000846,p=1,v=6,"1^^-2^-3^-4=5-6^",-4,22,-28,142,-224,1006,-1880,7494,
Mixed Prime,000847,p=1,v=6,"1^^-2^-3-4^-5-6^^",-4,22,-28,114,-204,682,-1460,4402,
Mixed Prime,000848,p=1,v=6,"1^-2^-3-1 3-4^-5=6^",-4,22,-28,114,-214,718,-1670,5122,
Mixed Prime,000849,p=1,v=6,"1^-2^-3-4^^ 3-5=6^",-4,22,-34,130,-264,886,-2104,6578,
Mixed Prime,000850,p=1,v=6,"1^^-2-3^ 2-4^-5=6^",-4,22,-34,130,-284,910,-2300,6866,
Mixed Prime,000851,p=1,v=6,"1^^-2^-3-4^ 3-5=6^",-4,22,-34,138,-284,982,-2328,7362,
Mixed Prime,000852,p=1,v=6,"1^^-2^-3^-4-5=6-4",-4,24,-16,156,-74,1128,-424,8580,
Mixed Prime,000853,p=1,v=6,"1^^-2=3-4-5^-6^-4",-4,24,-22,132,-154,852,-1222,5988,
Mixed Prime,000854,p=1,v=6,"1^^-2^-3^-4^-5=6",-4,24,-22,160,-154,1170,-1236,8896,
Mixed Prime,000855,p=1,v=6,"1^^-2-3-4^^ 3-5-6^^",-4,24,-28,128,-184,726,-1180,4256,
Mixed Prime,000856,p=1,v=6,"1^^-2-3^-4-2 4-5=6^",-4,24,-28,136,-214,870,-1628,5872,
Mixed Prime,000857,p=1,v=6,"1^^-2-3-4-5^^ 4-6^^",-4,24,-28,140,-194,888,-1404,5924,
Mixed Prime,000858,p=1,v=6,"1-2^-3^-4-5^^ 4-6^^",-4,24,-28,140,-214,936,-1740,6820,
Mixed Prime,000859,p=1,v=6,"1^^-2-3^-5=6-4^-2",-4,24,-28,144,-204,942,-1516,6368,
Mixed Prime,000860,p=1,v=6,"1^^-2^-3-4^^ 3-5^-6",-4,24,-28,144,-224,990,-1852,7264,
Mixed Prime,000861,p=1,v=6,"1^^-2-3^-4^-6=5-2",-4,24,-28,148,-194,972,-1404,6564,
Mixed Prime,000862,p=1,v=6,"1^^-2-3^^ 2-4=5-6^",-4,24,-28,148,-204,1008,-1628,7332,
Mixed Prime,000863,p=1,v=6,"1^^-2-3^ 2-4=5-6^^",-4,24,-28,148,-224,1032,-1852,7588,
Mixed Prime,000864,p=1,v=6,"1^^-2^-3^-4-5^^ 4-6",-4,24,-28,156,-214,1104,-1740,8132,
Mixed Prime,000865,p=1,v=6,"1^^-2^-3-4 3-5^-6^^",-4,24,-28,160,-224,1158,-1852,8608,
Mixed Prime,000866,p=1,v=6,"1^^-2^-3-4^-6=5-3",-4,24,-28,168,-244,1290,-2188,10224,
Mixed Prime,000867,p=1,v=6,"1^^-2-3^-4^-5=6^",-4,24,-34,136,-274,894,-2160,6480,
Mixed Prime,000868,p=1,v=6,"1^^-2^-3-4^-5=6^",-4,24,-34,144,-294,1002,-2412,7424,
Mixed Prime,000869,p=1,v=6,"1^^-2^-3^-4-5=6^",-4,24,-34,152,-274,1062,-2216,7760,
Mixed Prime,000870,p=1,v=6,"1^^-2-3^^ 2-4-5=6-4",-4,26,-16,162,-64,1154,-256,8706,
Mixed Prime,000871,p=1,v=6,"1^^-2-3^^ 2-4^-5=6",-4,26,-22,162,-144,1142,-1096,8546,
Mixed Prime,000872,p=1,v=6,"1^^-2^-3-4^^ 3-5=6",-4,26,-22,170,-144,1238,-1068,9394,
Mixed Prime,000873,p=1,v=6,"1^^-2-3^-4=5-6^^",-4,26,-28,150,-224,986,-1824,7014,
Mixed Prime,000874,p=1,v=6,"1^^-2-3^^ 2-4-5^^ 4-6",-4,26,-28,162,-204,1106,-1572,7938,
Mixed Prime,000875,p=1,v=6,"1^^-2^-3-4=5-6^^",-4,26,-28,166,-224,1178,-1824,8646,
Mixed Prime,000876,p=1,v=6,"1^^-2-3-4^^ 3-5=6^",-4,26,-34,154,-264,998,-2020,6898,
Mixed Prime,000877,p=1,v=6,"1^^-2-3^^ 2-4-5=6^",-4,26,-34,162,-264,1094,-2048,7714,
Mixed Prime,000878,p=1,v=6,"1^^-2^-3=4-5=6^",-4,28,-34,188,-294,1396,-2566,10916,
Mixed Prime,000879,p=1,v=6,"1^-2-3-4 3-5-6^",4,16,28,80,184,502,1292,3520,
Mixed Prime,000880,p=1,v=6,"1^-2-3-4-5^ 4-6",4,16,28,84,194,532,1348,3620,
Mixed Prime,000881,p=1,v=6,"1^-2-3-4^ 3-5-6",4,16,28,88,204,586,1516,4240,
Mixed Prime,000882,p=1,v=6,"1^-2-3-5-6-4-2",4,16,28,88,214,634,1740,5072,
Mixed Prime,000883,p=1,v=6,"1-2-3-4-5^ 4-6^",4,16,28,92,214,640,1684,4868,
Mixed Prime,000884,p=1,v=6,"1^-2-3-4-6-5-3",4,16,28,92,224,676,1852,5444,
Mixed Prime,000885,p=1,v=6,"1^-2-3-4-5-6-4",4,16,34,100,264,748,2090,5956,
Mixed Prime,000886,p=1,v=6,"1^-2-3^ 2-4-5 4-6",4,18,28,98,204,642,1572,4674,
Mixed Prime,000887,p=1,v=6,"1^-2-3-4-5-2 5-6",4,18,28,106,224,738,1824,5586,
Mixed Prime,000888,p=1,v=6,"1^-2-3-4-5-3 5-6",4,18,34,102,254,726,1992,5702,
Mixed Prime,000889,p=1,v=6,"1-2-4-5-6-4 1-3-6",4,18,34,106,274,810,2314,6850,
Mixed Prime,000890,p=1,v=6,"1-2-3-4-5-3 5-6^",4,18,34,110,274,798,2160,6150,
Mixed Prime,000891,p=1,v=6,"1^-2-3 2-4-5-6-4",4,18,34,114,274,822,2174,6274,
Mixed Prime,000892,p=1,v=6,"1-2^-3-4-5^ 4-6",4,20,28,100,194,584,1320,3684,
Mixed Prime,000893,p=1,v=6,"1-2-3-5^-6-4-2",4,20,28,104,214,674,1656,4880,
Mixed Prime,000894,p=1,v=6,"1^-2-3-4 3-5^-6",4,20,28,104,184,602,1236,3728,
Mixed Prime,000895,p=1,v=6,"1^-2-3^-4-5 4-6",4,20,28,108,194,668,1432,4548,
Mixed Prime,000896,p=1,v=6,"1^-2^-3-4-5 4-6",4,20,28,108,214,716,1712,5316,
Mixed Prime,000897,p=1,v=6,"1-2^-3-4^ 3-5-6",4,20,28,112,204,710,1516,4800,
Mixed Prime,000898,p=1,v=6,"1-2-3^-5-6-4-2",4,20,28,112,214,734,1656,5184,
Mixed Prime,000899,p=1,v=6,"1-2-3^-4-5^ 4-6",4,20,28,116,214,752,1600,5060,
Mixed Prime,000900,p=1,v=6,"1^-2^-3-4 3-5-6",4,20,28,120,224,818,1796,5904,
Mixed Prime,000901,p=1,v=6,"1-2-3-4^-6-5-3",4,20,28,124,224,848,1796,6084,
Mixed Prime,000902,p=1,v=6,"1-2-3^-4-5-6-4",4,20,34,132,284,944,2286,6980,
Mixed Prime,000903,p=1,v=6,"1^-2-3-4 2-5-3 5-6",4,20,34,112,264,770,2048,5824,
Mixed Prime,000904,p=1,v=6,"1-2-3-4-5^-6-4",4,20,34,116,264,800,2062,5988,
Mixed Prime,000905,p=1,v=6,"1^-2-3-4-5=6",4,20,34,120,274,854,2216,6576,
Mixed Prime,000906,p=1,v=6,"1-2-3-4-5-6-2 3-6",4,20,34,120,294,902,2496,7408,
Mixed Prime,000907,p=1,v=6,"1-2-3-6-4-5-6 2-4",4,20,34,124,284,920,2426,7460,
Mixed Prime,000908,p=1,v=6,"1-2^-3^-4-5-6",4,22,28,130,204,850,1572,5906,
Mixed Prime,000909,p=1,v=6,"1^-2-3-4=5-6",4,22,28,134,224,934,1880,6982,
Mixed Prime,000910,p=1,v=6,"1^-2-3=4-5-6",4,22,28,138,224,970,1880,7234,
Mixed Prime,000911,p=1,v=6,"1-2-3-4=5-6^",4,22,28,142,224,1006,1880,7494,
Mixed Prime,000912,p=1,v=6,"1^-2-3-4 3-5=6",4,22,34,130,264,886,2104,6578,
Mixed Prime,000913,p=1,v=6,"1^-2-3 2-4-5=6",4,22,34,130,284,910,2300,6866,
Mixed Prime,000914,p=1,v=6,"1-2-3-4^ 3-5=6",4,22,34,138,284,982,2328,7362,
Mixed Prime,000915,p=1,v=6,"1-2-3 2-4-5^-6-4",4,22,34,122,254,790,1922,5666,
Mixed Prime,000916,p=1,v=6,"1-2-3-4^-5-3 5-6",4,22,34,126,274,850,2132,6182,
Mixed Prime,000917,p=1,v=6,"1-2^-3-4-5-3 5-6",4,22,34,126,254,826,1936,5894,
Mixed Prime,000918,p=1,v=6,"1-2-3-1 3-4-5=6",4,22,40,146,354,1126,3042,9186,
Mixed Prime,000919,p=1,v=6,"1-2-3-4-5=6^",4,24,22,160,154,1170,1236,8896,
Mixed Prime,000920,p=1,v=6,"1-2^-3-4 3-5^-6",4,24,28,128,184,726,1180,4256,
Mixed Prime,000921,p=1,v=6,"1-2^-3^-4-5 4-6",4,24,28,140,194,888,1404,5924,
Mixed Prime,000922,p=1,v=6,"1^^-2-3-4-5 4-6",4,24,28,140,214,936,1740,6820,
Mixed Prime,000923,p=1,v=6,"1^^-2-3-4 3-5-6",4,24,28,144,224,990,1852,7264,
Mixed Prime,000924,p=1,v=6,"1-2-3-5=6-4-2",4,24,28,144,244,1038,2188,8160,
Mixed Prime,000925,p=1,v=6,"1-2-3 2-4=5-6^",4,24,28,148,204,1008,1628,7332,
Mixed Prime,000926,p=1,v=6,"1^-2-3 2-4=5-6",4,24,28,148,224,1032,1852,7588,
Mixed Prime,000927,p=1,v=6,"1-2-3-4-6=5-2",4,24,28,148,234,1068,2076,8356,
Mixed Prime,000928,p=1,v=6,"1-2-3-4-5^^ 4-6",4,24,28,156,214,1104,1740,8132,
Mixed Prime,000929,p=1,v=6,"1-2-3-4^^ 3-5-6",4,24,28,160,224,1158,1852,8608,
Mixed Prime,000930,p=1,v=6,"1-2-3-4-6=5-3",4,24,28,168,244,1290,2188,10224,
Mixed Prime,000931,p=1,v=6,"1-2^-3-4-5=6",4,24,34,136,274,894,2160,6480,
Mixed Prime,000932,p=1,v=6,"1-2-3^-4-5=6",4,24,34,144,294,1002,2412,7424,
Mixed Prime,000933,p=1,v=6,"1-2-3-4^-5=6",4,24,34,152,274,1062,2216,7760,
Mixed Prime,000934,p=1,v=6,"1-2-3-4-2 4-5=6",4,24,40,152,334,1110,2804,8752,
Mixed Prime,000935,p=1,v=6,"1-2-3-4-5=6-4",4,24,40,156,354,1176,3056,9476,
Mixed Prime,000936,p=1,v=6,"1-2-3 2-4-5=6^",4,26,22,162,144,1142,1096,8546,
Mixed Prime,000937,p=1,v=6,"1-2-3-4 3-5=6^",4,26,22,170,144,1238,1068,9394,
Mixed Prime,000938,p=1,v=6,"1-2^-3-4=5-6",4,26,28,150,224,986,1824,7014,
Mixed Prime,000939,p=1,v=6,"1^^-2-3 2-4-5 4-6",4,26,28,162,204,1106,1572,7938,
Mixed Prime,000940,p=1,v=6,"1-2-3^-4=5-6",4,26,28,166,224,1178,1824,8646,
Mixed Prime,000941,p=1,v=6,"1-2^-3-4 3-5=6",4,26,34,154,264,998,2020,6898,
Mixed Prime,000942,p=1,v=6,"1-2-3 2-4^-5=6",4,26,34,162,264,1094,2048,7714,
Mixed Prime,000943,p=1,v=6,"1-2-3=4-5=6",4,28,34,188,294,1396,2566,10916,
Mixed Prime,000944,p=1,v=6,"1^^-2^-3^-4^-5^-6^",-6,18,-42,114,-306,846,-2358,6642,
Mixed Prime,000945,p=1,v=6,"1^^-2^-3^-4-5^-6^-4",-6,20,-36,108,-246,704,-1812,5124,
Mixed Prime,000946,p=1,v=6,"1^^-2^-3-4^ 3-5^-6^^",-6,20,-42,128,-326,938,-2554,7232,
Mixed Prime,000947,p=1,v=6,"1^-2^-3^-4-5^^ 4-6^^",-6,20,-42,116,-296,812,-2218,6212,
Mixed Prime,000948,p=1,v=6,"1^^-2-3^-5^-6^-4^-2",-6,20,-42,120,-296,806,-2106,5680,
Mixed Prime,000949,p=1,v=6,"1^^-2^-3-4^^ 3-5^-6^",-6,20,-42,120,-306,854,-2330,6544,
Mixed Prime,000950,p=1,v=6,"1^^-2^-3^-4-5^^ 4-6^",-6,20,-42,124,-316,896,-2442,6884,
Mixed Prime,000951,p=1,v=6,"1^^-2-3^^ 2-4-5^-6^-4",-6,22,-36,114,-236,706,-1700,4930,
Mixed Prime,000952,p=1,v=6,"1^^-2^-3-4^-5-3 5-6^^",-6,22,-36,126,-256,814,-1882,5590,
Mixed Prime,000953,p=1,v=6,"1^^-2-3^^ 2-4-5^^ 4-6^",-6,22,-42,130,-306,886,-2302,6530,
Mixed Prime,000954,p=1,v=6,"1^^-2^-3^-4-5^-6^^",-6,22,-42,138,-326,982,-2554,7378,
Mixed Prime,000955,p=1,v=6,"1^^-2-3-4^^ 2-5-3 5-6^^",-6,24,-36,144,-246,894,-1686,5664,
Mixed Prime,000956,p=1,v=6,"1^^-2-3^-4-5^^ 4-6^^",-6,24,-42,132,-296,864,-2190,6244,
Mixed Prime,000957,p=1,v=6,"1^^-2^-3-4^^ 3-5-6^^",-6,24,-42,144,-306,954,-2274,6720,
Mixed Prime,000958,p=1,v=6,"1^^-2^-3-4-5^^ 4-6^^",-6,24,-42,148,-316,1008,-2414,7236,
Mixed Prime,000959,p=1,v=6,"1^^-2^-3^-4=5-6^^",-6,26,-42,174,-346,1298,-2974,10246,
Mixed Prime,000960,p=1,v=6,"1^^-2-3^^ 2-4^-5=6^",-6,26,-48,162,-386,1190,-3170,9442,
Mixed Prime,000961,p=1,v=6,"1^^-2-3^^ 2-4=5-6^^",-6,28,-42,180,-326,1300,-2722,10020,
Mixed Prime,000962,p=1,v=6,"1^-2-3-4-5-6",6,18,42,114,306,846,2358,6642,
Mixed Prime,000963,p=1,v=6,"1-2-3-4^ 3-5-6",6,20,42,128,326,938,2554,7232,
Mixed Prime,000964,p=1,v=6,"1^-2-3-4-5 4-6",6,20,42,116,296,812,2218,6212,
Mixed Prime,000965,p=1,v=6,"1^-2-3-4 3-5-6",6,20,42,120,306,854,2330,6544,
Mixed Prime,000966,p=1,v=6,"1-2-3-4-5^ 4-6",6,20,42,124,316,896,2442,6884,
Mixed Prime,000967,p=1,v=6,"1-2-3-4-5-6-4",6,20,48,140,386,1112,3184,9220,
Mixed Prime,000968,p=1,v=6,"1^-2-3 2-4-5 4-6",6,22,42,130,306,886,2302,6530,
Mixed Prime,000969,p=1,v=6,"1-2-3^-4-5-6",6,22,42,138,326,982,2554,7378,
Mixed Prime,000970,p=1,v=6,"1-2-3-4-5-3 5-6",6,22,48,142,376,1078,3030,8726,
Mixed Prime,000971,p=1,v=6,"1-2^-3-4-5 4-6",6,24,42,132,296,864,2190,6244,
Mixed Prime,000972,p=1,v=6,"1-2^-3-4 3-5-6",6,24,42,144,306,954,2274,6720,
Mixed Prime,000973,p=1,v=6,"1-2-3^-4-5 4-6",6,24,42,148,316,1008,2414,7236,
Mixed Prime,000974,p=1,v=6,"1-2-3-4 2-5-3 5-6",6,24,48,144,366,1038,2862,8160,
Mixed Prime,000975,p=1,v=6,"1-2-3-4=5-6",6,26,42,174,346,1298,2974,10246,
Mixed Prime,000976,p=1,v=6,"1-2-3 2-4-5=6",6,26,48,162,386,1190,3170,9442,
Mixed Prime,000977,p=1,v=6,"1-2-3 2-4=5-6",6,28,42,180,326,1300,2722,10020,
Mixed Prime,000978,p=1,v=6,"1^^-2^-3^-4-5^^ 4-6^^",-8,24,-56,156,-418,1176,-3312,9476,
Mixed Prime,000979,p=1,v=6,"1^^-2^-3-4^^ 3-5^-6^^",-8,24,-56,160,-428,1206,-3368,9568,
Mixed Prime,000980,p=1,v=6,"1-2-3-4-5 4-6",8,24,56,156,418,1176,3312,9476,
Mixed Prime,000981,p=1,v=6,"1-2-3-4 3-5-6",8,24,56,160,428,1206,3368,9568,
