Mixed,000001,p=1,v=1,"1^^",-1,1,-1,1,-1,1,-1,1,
Mixed,000002,p=1,v=1,"1^",1,1,1,1,1,1,1,1,
Mixed,000003,p=1,v=1,"1^^^",-3,9,-27,81,-243,729,-2187,6561,
Mixed,000004,p=1,v=1,"1",3,9,27,81,243,729,2187,6561,
Mixed,000005,p=1,v=2,"1^-2^",0,2,0,2,0,2,0,2,
Mixed,000006,p=1,v=2,"1^^-2",0,10,0,50,0,250,0,1250,
Mixed,000007,p=1,v=2,"1^=2",0,10,0,50,0,250,0,1250,
Mixed,000008,p=1,v=2,"1---2",0,18,0,162,0,1458,0,13122,
Mixed,000009,p=1,v=2,"1^^-2^",-2,6,-14,34,-82,198,-478,1154,
Mixed,000010,p=1,v=2,"1^=2^",-2,10,-26,82,-242,730,-2186,6562,
Mixed,000011,p=1,v=2,"1^-2",2,6,14,34,82,198,478,1154,
Mixed,000012,p=1,v=2,"1=2",2,10,26,82,242,730,2186,6562,
Mixed,000013,p=1,v=2,"1^^-2^^",-4,10,-28,82,-244,730,-2188,6562,
Mixed,000014,p=1,v=2,"1-2",4,10,28,82,244,730,2188,6562,
Mixed,000015,p=1,v=3,"1^-2^-3^",-1,5,-7,17,-31,65,-127,257,
Mixed,000016,p=1,v=3,"1^-2^-3-1",-1,9,-1,33,-1,129,-1,513,
Mixed,000017,p=1,v=3,"1^^-2-3^",-1,9,-7,41,-51,201,-323,1025,
Mixed,000018,p=1,v=3,"1^-2=3^",-1,11,-13,67,-121,443,-981,3075,
Mixed,000019,p=1,v=3,"1^-2=3-1",-1,13,5,65,69,361,573,2145,
Mixed,000020,p=1,v=3,"1^^-2^-3",-1,13,-7,81,-71,529,-631,3521,
Mixed,000021,p=1,v=3,"1^^-2=3",-1,15,-1,99,-1,687,-1,4803,
Mixed,000022,p=1,v=3,"1^-2-3^",1,5,7,17,31,65,127,257,
Mixed,000023,p=1,v=3,"1^-2^-3",1,9,7,41,51,201,323,1025,
Mixed,000024,p=1,v=3,"1^-2-3-1",1,9,13,49,101,297,701,1889,
Mixed,000025,p=1,v=3,"1^-2=3",1,11,13,67,121,443,981,3075,
Mixed,000026,p=1,v=3,"1^^-2-3",1,13,7,81,71,529,631,3521,
Mixed,000027,p=1,v=3,"1-2=3-1",1,13,19,97,211,793,2059,6817,
Mixed,000028,p=1,v=3,"1-2=3^",1,15,1,99,1,687,1,4803,
Mixed,000029,p=1,v=3,"1^-2^-3^-1",-3,9,-15,33,-63,129,-255,513,
Mixed,000030,p=1,v=3,"1^^-2^-3^",-3,9,-21,57,-153,417,-1137,3105,
Mixed,000031,p=1,v=3,"1^^-2-3^^",-3,13,-21,65,-133,361,-829,2145,
Mixed,000032,p=1,v=3,"1^^-2=3^",-3,15,-27,99,-243,783,-2187,6723,
Mixed,000033,p=1,v=3,"1^-2-3",3,9,21,57,153,417,1137,3105,
Mixed,000034,p=1,v=3,"1-2-3-1",3,9,27,81,243,729,2187,6561,
Mixed,000035,p=1,v=3,"1-2^-3",3,13,21,65,133,361,829,2145,
Mixed,000036,p=1,v=3,"1-2=3",3,15,27,99,243,783,2187,6723,
Mixed,000037,p=1,v=3,"1^^-2^-3^^",-5,13,-35,97,-275,793,-2315,6817,
Mixed,000038,p=1,v=3,"1-2-3",5,13,35,97,275,793,2315,6817,
Mixed,000039,p=1,v=4,"1^-2-3^ 2-4^",0,6,0,18,0,54,0,162,
Mixed,000040,p=1,v=4,"1^-2^-3-4^",0,8,0,28,0,104,0,388,
Mixed,000041,p=1,v=4,"1^-2-3^-4-2",0,10,6,42,50,202,322,1026,
Mixed,000042,p=1,v=4,"1-2^-4-3^-1",0,12,0,52,0,252,0,1252,
Mixed,000043,p=1,v=4,"1^^-2-3-4^",0,12,0,60,0,324,0,1764,
Mixed,000044,p=1,v=4,"1^-2^-3^-4",0,12,0,60,0,324,0,1764,
Mixed,000045,p=1,v=4,"1^-2=3-4^",0,12,0,68,0,396,0,2308,
Mixed,000046,p=1,v=4,"1^-2^-4-3-1",0,12,0,68,0,396,0,2308,
Mixed,000047,p=1,v=4,"1^-2-3-4-2 1-4",0,12,12,68,120,444,980,3076,
Mixed,000048,p=1,v=4,"1-2-3-1-4-2 3-4",0,12,24,84,240,732,2184,6564,
Mixed,000049,p=1,v=4,"1^^-2-3^ 2-4",0,14,0,82,0,518,0,3298,
Mixed,000050,p=1,v=4,"1^-2-3=4^",0,14,-6,82,-70,530,-630,3522,
Mixed,000051,p=1,v=4,"1-2-3^-4^-2",0,14,6,66,70,362,574,2146,
Mixed,000052,p=1,v=4,"1^-2^-3=4",0,14,6,82,70,530,630,3522,
Mixed,000053,p=1,v=4,"1^^-2-3-4-2",0,14,6,98,70,698,686,5026,
Mixed,000054,p=1,v=4,"1^-2-3=4-2",0,14,12,82,140,566,1260,4194,
Mixed,000055,p=1,v=4,"1^^-2-3^-4",0,16,0,76,0,400,0,2212,
Mixed,000056,p=1,v=4,"1^^-2^-3-4",0,16,0,108,0,784,0,5732,
Mixed,000057,p=1,v=4,"1^-2-4=3-1",0,16,0,108,0,784,0,5732,
Mixed,000058,p=1,v=4,"1-2^-3=4^",0,18,-6,106,-90,714,-938,5122,
Mixed,000059,p=1,v=4,"1^^-2-3=4",0,18,6,106,90,714,938,5122,
Mixed,000060,p=1,v=4,"1^^-2=3-4",0,20,0,132,0,980,0,7556,
Mixed,000061,p=1,v=4,"1^=2-3=4",0,20,0,132,0,980,0,7556,
Mixed,000062,p=1,v=4,"1=2-4=3-1",0,20,0,164,0,1460,0,13124,
Mixed,000063,p=1,v=4,"1^-2^-3^-4^",-2,8,-14,36,-82,200,-478,1156,
Mixed,000064,p=1,v=4,"1^-2-3^-4^-2",-2,10,-8,34,-32,118,-128,418,
Mixed,000065,p=1,v=4,"1^^-2-3^ 2-4^",-2,10,-14,50,-102,298,-702,1890,
Mixed,000066,p=1,v=4,"1^-2-3^-4-2 1-4",-2,12,-2,52,-2,252,-2,1252,
Mixed,000067,p=1,v=4,"1^^-2-3^-4^",-2,12,-14,52,-82,252,-478,1316,
Mixed,000068,p=1,v=4,"1^^-2^-3-4^",-2,12,-14,68,-122,444,-982,3076,
Mixed,000069,p=1,v=4,"1^-2^-4-3^-1",-2,12,-14,68,-122,444,-982,3076,
Mixed,000070,p=1,v=4,"1^^-2-3^-4-2",-2,14,-8,74,-52,422,-380,2498,
Mixed,000071,p=1,v=4,"1^-2^-3=4^",-2,14,-20,82,-172,578,-1444,4418,
Mixed,000072,p=1,v=4,"1^^-2-3-4^^",-2,16,-14,84,-82,448,-478,2404,
Mixed,000073,p=1,v=4,"1^^-2^-3^-4",-2,16,-14,100,-122,688,-1094,4996,
Mixed,000074,p=1,v=4,"1^^-2=3-4^",-2,16,-14,100,-122,688,-1094,4996,
Mixed,000075,p=1,v=4,"1^-2^-4=3-1",-2,16,-14,116,-162,928,-1710,7716,
Mixed,000076,p=1,v=4,"1^^-2-3=4-2",-2,18,-2,114,38,762,558,5282,
Mixed,000077,p=1,v=4,"1^^-2^-3=4",-2,18,-8,122,-52,882,-436,6562,
Mixed,000078,p=1,v=4,"1^^-2-3^^ 2-4",-2,18,-14,114,-102,762,-814,5282,
Mixed,000079,p=1,v=4,"1^^-2-3=4^",-2,18,-20,106,-152,666,-1136,4354,
Mixed,000080,p=1,v=4,"1^=2-3=4^",-2,20,-26,132,-242,980,-2186,7812,
Mixed,000081,p=1,v=4,"1^-2-3-4^",2,8,14,36,82,200,478,1156,
Mixed,000082,p=1,v=4,"1^-2-3^ 2-4",2,10,14,50,102,298,702,1890,
Mixed,000083,p=1,v=4,"1^-2-3-4-2",2,10,20,66,172,502,1388,3938,
Mixed,000084,p=1,v=4,"1^-2-3^-4",2,12,14,52,82,252,478,1316,
Mixed,000085,p=1,v=4,"1^-2-4-3-1",2,12,14,68,122,444,982,3076,
Mixed,000086,p=1,v=4,"1^-2^-3-4",2,12,14,68,122,444,982,3076,
Mixed,000087,p=1,v=4,"1-2-3-4-2 1-4",2,12,26,84,242,732,2186,6564,
Mixed,000088,p=1,v=4,"1-2-3^-4-2",2,14,20,74,152,470,1136,3266,
Mixed,000089,p=1,v=4,"1^-2-3=4",2,14,20,82,172,578,1444,4418,
Mixed,000090,p=1,v=4,"1-2^-3^-4",2,16,14,84,82,448,478,2404,
Mixed,000091,p=1,v=4,"1^-2=3-4",2,16,14,100,122,688,1094,4996,
Mixed,000092,p=1,v=4,"1^^-2-3-4",2,16,14,100,122,688,1094,4996,
Mixed,000093,p=1,v=4,"1-2-4=3-1",2,16,14,116,162,928,1710,7716,
Mixed,000094,p=1,v=4,"1-2-3=4^",2,18,8,122,52,882,436,6562,
Mixed,000095,p=1,v=4,"1^^-2-3 2-4",2,18,14,114,102,762,814,5282,
Mixed,000096,p=1,v=4,"1-2^-3=4",2,18,20,106,152,666,1136,4354,
Mixed,000097,p=1,v=4,"1-2-3=4-2",2,18,26,114,242,858,2186,7074,
Mixed,000098,p=1,v=4,"1=2-3=4",2,20,26,132,242,980,2186,7812,
Mixed,000099,p=1,v=4,"1^^-2^-3^-4^",-4,12,-28,76,-204,564,-1572,4420,
Mixed,000100,p=1,v=4,"1^-2^-4^-3^-1",-4,12,-28,84,-244,732,-2188,6564,
Mixed,000101,p=1,v=4,"1^^-2-3^-4^-2",-4,14,-22,66,-134,362,-830,2146,
Mixed,000102,p=1,v=4,"1^^-2-3^^ 2-4^",-4,14,-28,82,-204,566,-1516,4194,
Mixed,000103,p=1,v=4,"1^^-2^-3-4^^",-4,16,-28,92,-204,592,-1460,4036,
Mixed,000104,p=1,v=4,"1^^-2^-3=4^",-4,18,-34,122,-294,930,-2510,7586,
Mixed,000105,p=1,v=4,"1^^-2=3-4^^",-4,20,-28,132,-244,980,-2188,7812,
Mixed,000106,p=1,v=4,"1^-2-3-4",4,12,28,76,204,564,1572,4420,
Mixed,000107,p=1,v=4,"1-2-4-3-1",4,12,28,84,244,732,2188,6564,
Mixed,000108,p=1,v=4,"1^-2-3 2-4",4,14,28,82,204,566,1516,4194,
Mixed,000109,p=1,v=4,"1-2-3-4-2",4,14,34,98,274,794,2314,6818,
Mixed,000110,p=1,v=4,"1-2^-3-4",4,16,28,92,204,592,1460,4036,
Mixed,000111,p=1,v=4,"1-2-3=4",4,18,34,122,294,930,2510,7586,
Mixed,000112,p=1,v=4,"1-2=3-4",4,20,28,132,244,980,2188,7812,
Mixed,000113,p=1,v=4,"1^^-2^-3^-4^^",-6,16,-42,116,-326,928,-2666,7716,
Mixed,000114,p=1,v=4,"1^^-2-3^^ 2-4^^",-6,18,-42,114,-306,858,-2442,7074,
Mixed,000115,p=1,v=4,"1-2-3-4",6,16,42,116,326,928,2666,7716,
Mixed,000116,p=1,v=4,"1-2-3 2-4",6,18,42,114,306,858,2442,7074,
Mixed,000117,p=1,v=5,"1^-2^-3-4^ 3-5^",-1,9,-7,33,-41,141,-225,641,
Mixed,000118,p=1,v=5,"1^-2-3^-4-2 4-5^",-1,11,-1,39,9,149,83,591,
Mixed,000119,p=1,v=5,"1^-2^-3-4^-5^",-1,11,-7,39,-31,149,-141,591,
Mixed,000120,p=1,v=5,"1^-2^-3^-4-5^",-1,11,-7,47,-51,233,-337,1215,
Mixed,000121,p=1,v=5,"1^-2-3-4^-5^-3",-1,13,-1,49,9,205,97,897,
Mixed,000122,p=1,v=5,"1^-2^-3-4^-5-3",-1,13,-1,57,9,277,97,1393,
Mixed,000123,p=1,v=5,"1^-2-3-4^-5-3 2-5",-1,13,5,61,59,337,461,1957,
Mixed,000124,p=1,v=5,"1^^-2-3-4^ 3-5^",-1,13,-7,57,-41,277,-253,1409,
Mixed,000125,p=1,v=5,"1^-2-3^-5-4^-2",-1,13,-7,61,-61,337,-463,1957,
Mixed,000126,p=1,v=5,"1^-2-3-4^^ 3-5^",-1,13,-7,65,-61,373,-477,2225,
Mixed,000127,p=1,v=5,"1^-2-3^-5^-4-2",-1,13,-7,69,-61,409,-491,2501,
Mixed,000128,p=1,v=5,"1^-2-5-3-4^-5 1-3",-1,15,-1,71,19,369,223,1999,
Mixed,000129,p=1,v=5,"1^^-2-3-4-2 4-5^",-1,15,-1,87,9,549,111,3535,
Mixed,000130,p=1,v=5,"1^-2^-5-3-4-5 1-3",-1,15,-1,95,-1,645,-1,4415,
Mixed,000131,p=1,v=5,"1^-2-4-3-1 2-5-3 4-5",-1,15,5,99,69,699,685,5027,
Mixed,000132,p=1,v=5,"1^-2-4^-5-3^-1",-1,15,-7,63,-41,285,-225,1343,
Mixed,000133,p=1,v=5,"1^^-2-3^-4-5^",-1,15,-7,63,-51,297,-337,1503,
Mixed,000134,p=1,v=5,"1^^-2-3-4^-5^",-1,15,-7,71,-31,357,-141,1839,
Mixed,000135,p=1,v=5,"1^-2^-4-5-3^-1",-1,15,-7,79,-41,453,-281,2687,
Mixed,000136,p=1,v=5,"1^-2^-3^-4^-5",-1,15,-7,79,-51,465,-393,2847,
Mixed,000137,p=1,v=5,"1^-2^-3=4-5^",-1,15,-7,83,-51,507,-407,3203,
Mixed,000138,p=1,v=5,"1^^-2^-3-4-5^",-1,15,-7,87,-71,573,-645,3887,
Mixed,000139,p=1,v=5,"1^-2-3^-5-1 2-4-5",-1,15,-7,99,-71,699,-687,5027,
Mixed,000140,p=1,v=5,"1^-2-3^ 2-4=5^",-1,15,-13,83,-121,543,-1037,3811,
Mixed,000141,p=1,v=5,"1-2^-3-4^-5^-3",-1,17,-1,73,9,341,125,1665,
Mixed,000142,p=1,v=5,"1^^-2-3-4^-5-3",-1,17,-1,81,9,437,125,2481,
Mixed,000143,p=1,v=5,"1^-2^-3^-4=5",-1,17,-1,101,19,665,251,4517,
Mixed,000144,p=1,v=5,"1^^-2^-3-4-5-3",-1,17,-1,121,9,917,125,7041,
Mixed,000145,p=1,v=5,"1^-2^-3-4=5-3",-1,17,5,97,99,629,1035,4385,
Mixed,000146,p=1,v=5,"1^^-2-3-4-5-3 2-5",-1,17,5,109,79,797,825,5989,
Mixed,000147,p=1,v=5,"1-2^-3-4^^ 3-5^",-1,17,-7,89,-61,533,-505,3377,
Mixed,000148,p=1,v=5,"1^^-2-3-5^-4-2",-1,17,-7,93,-41,557,-267,3461,
Mixed,000149,p=1,v=5,"1^-2^-3-4^^ 3-5",-1,17,-7,97,-41,605,-281,3905,
Mixed,000150,p=1,v=5,"1^^-2-3^-5-4-2",-1,17,-7,101,-41,653,-295,4357,
Mixed,000151,p=1,v=5,"1^^-2^-3-4^ 3-5",-1,17,-7,105,-61,725,-561,5169,
Mixed,000152,p=1,v=5,"1-2-3^-5^-4^-2",-1,17,-7,109,-81,797,-827,5989,
Mixed,000153,p=1,v=5,"1^-2-3^-5=4-2",-1,17,-7,113,-81,845,-841,6465,
Mixed,000154,p=1,v=5,"1^-2-3^-4=5^",-1,17,-13,93,-141,617,-1289,4517,
Mixed,000155,p=1,v=5,"1^-2^-3-4=5^",-1,17,-13,93,-101,569,-785,3685,
Mixed,000156,p=1,v=5,"1^^-2-3^-4-2 4-5",-1,19,-1,103,9,637,139,4143,
Mixed,000157,p=1,v=5,"1^^-2-3^ 2-4=5",-1,19,-1,115,19,787,279,5603,
Mixed,000158,p=1,v=5,"1^-2-3-1 2-4=5-3",-1,19,-1,119,29,829,419,5999,
Mixed,000159,p=1,v=5,"1^-2^-3-1 3-4=5",-1,19,5,99,89,607,909,4067,
Mixed,000160,p=1,v=5,"1^^-2-3^-4^-5",-1,19,-7,95,-51,505,-337,2783,
Mixed,000161,p=1,v=5,"1^^-2-3-4-5^^",-1,19,-7,103,-31,589,-85,3439,
Mixed,000162,p=1,v=5,"1-2^-4=5-3^-1",-1,19,-7,103,-51,613,-365,3823,
Mixed,000163,p=1,v=5,"1^^-2^-3-4^-5",-1,19,-7,103,-71,637,-645,4207,
Mixed,000164,p=1,v=5,"1^^-2-3=4-5^",-1,19,-7,107,-31,643,-99,3971,
Mixed,000165,p=1,v=5,"1^-2-3-1 3-4=5^",-1,19,-7,107,-71,691,-659,4739,
Mixed,000166,p=1,v=5,"1^-2^-4=5-3-1",-1,19,-7,111,-31,697,-113,4511,
Mixed,000167,p=1,v=5,"1^-2-3=4-5^^",-1,19,-7,115,-71,799,-687,5827,
Mixed,000168,p=1,v=5,"1^^-2^-3^-4-5",-1,19,-7,127,-51,937,-449,7135,
Mixed,000169,p=1,v=5,"1^^-2^-3-4=5",-1,21,-1,133,19,957,307,7205,
Mixed,000170,p=1,v=5,"1^^-2-3^-4=5",-1,21,-1,117,19,717,307,4613,
Mixed,000171,p=1,v=5,"1^^-2-3-4=5-3",-1,21,5,121,99,813,1119,5921,
Mixed,000172,p=1,v=5,"1-2-3-4^^ 3-5^^",-1,21,-7,137,-41,981,-253,7297,
Mixed,000173,p=1,v=5,"1^^-2-3-5=4-2",-1,21,-7,145,-21,1077,27,8241,
Mixed,000174,p=1,v=5,"1^^-2-3-4^^ 3-5",-1,21,-7,121,-41,741,-197,4673,
Mixed,000175,p=1,v=5,"1^-2=3-4=5^",-1,21,-13,133,-121,933,-1093,6917,
Mixed,000176,p=1,v=5,"1-2^-3^-4=5^",-1,21,-13,125,-141,837,-1345,6085,
Mixed,000177,p=1,v=5,"1^^-2-3-4=5^",-1,21,-13,125,-101,789,-729,5125,
Mixed,000178,p=1,v=5,"1^=2-3-4=5-3",-1,23,-1,147,19,1055,335,7971,
Mixed,000179,p=1,v=5,"1-2^-3=4-5^^",-1,23,-7,139,-91,935,-995,6723,
Mixed,000180,p=1,v=5,"1^-2=4-5=3-1",-1,23,-7,147,-31,995,-15,6915,
Mixed,000181,p=1,v=5,"1^=2-3^-4=5",-1,23,-7,147,-71,1043,-687,7811,
Mixed,000182,p=1,v=5,"1^^-2^-3=4-5",-1,23,-7,155,-51,1151,-379,8931,
Mixed,000183,p=1,v=5,"1^^-2-3 2-4=5^",-1,23,-13,147,-121,1007,-1037,7203,
Mixed,000184,p=1,v=5,"1^=2-3-4=5^",-1,23,-19,147,-171,995,-1387,6915,
Mixed,000185,p=1,v=5,"1^^-2=3-4=5",-1,25,-1,165,-1,1225,-1,9605,
Mixed,000186,p=1,v=5,"1^-2-3-4^ 3-5^",1,9,7,33,41,141,225,641,
Mixed,000187,p=1,v=5,"1^-2-3^-4-5^",1,11,7,39,31,149,141,591,
Mixed,000188,p=1,v=5,"1^-2^-3-4-5^",1,11,7,47,51,233,337,1215,
Mixed,000189,p=1,v=5,"1^-2-3-4-2 4-5^",1,11,13,55,111,341,813,2255,
Mixed,000190,p=1,v=5,"1-2^-3-4^ 3-5^",1,13,7,57,41,277,253,1409,
Mixed,000191,p=1,v=5,"1^-2-3-5^-4-2",1,13,7,61,61,337,463,1957,
Mixed,000192,p=1,v=5,"1^-2^-3-4^ 3-5",1,13,7,65,61,373,477,2225,
Mixed,000193,p=1,v=5,"1^-2-3^-5-4-2",1,13,7,69,61,409,491,2501,
Mixed,000194,p=1,v=5,"1^-2-3-4^-5-3",1,13,13,57,91,301,603,1745,
Mixed,000195,p=1,v=5,"1^-2^-3-4-5-3",1,13,13,81,131,565,1163,4129,
Mixed,000196,p=1,v=5,"1^-2-3-4-5-3 2-5",1,13,19,77,181,577,1555,4613,
Mixed,000197,p=1,v=5,"1^-2^-3-4^-5",1,15,7,63,51,297,337,1503,
Mixed,000198,p=1,v=5,"1-2^-4-5-3^-1",1,15,7,63,61,309,449,1663,
Mixed,000199,p=1,v=5,"1^-2-3^-4^-5",1,15,7,71,31,357,141,1839,
Mixed,000200,p=1,v=5,"1^^-2-3-4-5^",1,15,7,79,51,465,393,2847,
Mixed,000201,p=1,v=5,"1^-2^-4-5-3-1",1,15,7,79,61,477,505,3007,
Mixed,000202,p=1,v=5,"1^-2-3=4-5^",1,15,7,83,51,507,407,3203,
Mixed,000203,p=1,v=5,"1^-2^-3^-4-5",1,15,7,87,71,573,645,3887,
Mixed,000204,p=1,v=5,"1^-2-3-5-1 2-4-5",1,15,7,99,71,699,687,5027,
Mixed,000205,p=1,v=5,"1^-2-3^-4-2 4-5",1,15,13,71,111,405,841,2575,
Mixed,000206,p=1,v=5,"1-2-5-3-4^-5 1-3",1,15,13,79,141,525,1233,3839,
Mixed,000207,p=1,v=5,"1^-2-3^ 2-4=5",1,15,13,83,121,543,1037,3811,
Mixed,000208,p=1,v=5,"1^-2-5-3-4-5 1-3",1,15,13,87,121,585,1065,4175,
Mixed,000209,p=1,v=5,"1-2-4-3-1 2-5-3 4-5",1,15,19,99,211,795,2059,6819,
Mixed,000210,p=1,v=5,"1^-2-3-4=5^",1,17,1,101,-19,665,-251,4517,
Mixed,000211,p=1,v=5,"1^^-2-3-4^ 3-5",1,17,7,89,61,533,505,3377,
Mixed,000212,p=1,v=5,"1-2-3^-5-4^-2",1,17,7,93,41,557,267,3461,
Mixed,000213,p=1,v=5,"1^-2-3-4^^ 3-5",1,17,7,97,41,605,281,3905,
Mixed,000214,p=1,v=5,"1-2-3^-5^-4-2",1,17,7,101,41,653,295,4357,
Mixed,000215,p=1,v=5,"1-2-3-4^^ 3-5^",1,17,7,105,61,725,561,5169,
Mixed,000216,p=1,v=5,"1^^-2-3-5-4-2",1,17,7,109,81,797,827,5989,
Mixed,000217,p=1,v=5,"1^-2-3-5=4-2",1,17,7,113,81,845,841,6465,
Mixed,000218,p=1,v=5,"1-2^-3-4^-5-3",1,17,13,81,91,413,575,2193,
Mixed,000219,p=1,v=5,"1-2-3-4^-5^-3",1,17,13,89,131,557,1135,3873,
Mixed,000220,p=1,v=5,"1^-2^-3-4=5",1,17,13,93,141,617,1289,4517,
Mixed,000221,p=1,v=5,"1^-2-3^-4=5",1,17,13,93,101,569,785,3685,
Mixed,000222,p=1,v=5,"1^^-2-3-4-5-3",1,17,13,105,131,749,1247,5665,
Mixed,000223,p=1,v=5,"1-2-3-4^-5-3 2-5",1,17,19,93,161,605,1303,4293,
Mixed,000224,p=1,v=5,"1^-2-3-4=5-3",1,17,19,97,181,677,1597,5217,
Mixed,000225,p=1,v=5,"1^-2-3 2-4=5^",1,19,1,115,-19,787,-279,5603,
Mixed,000226,p=1,v=5,"1-2-3-1 3-4=5^",1,19,7,131,51,991,463,7715,
Mixed,000227,p=1,v=5,"1^^-2-3-4^-5",1,19,7,95,51,505,337,2783,
Mixed,000228,p=1,v=5,"1-2^-3^-4^-5",1,19,7,103,31,589,85,3439,
Mixed,000229,p=1,v=5,"1^^-2-3^-4-5",1,19,7,103,71,637,645,4207,
Mixed,000230,p=1,v=5,"1^-2-4=5-3-1",1,19,7,103,91,661,925,4591,
Mixed,000231,p=1,v=5,"1-2^-3=4-5^",1,19,7,107,31,643,99,3971,
Mixed,000232,p=1,v=5,"1-2^-4=5-3-1",1,19,7,111,71,745,673,5279,
Mixed,000233,p=1,v=5,"1^-2^-3=4-5",1,19,7,115,71,799,687,5827,
Mixed,000234,p=1,v=5,"1^^-2^-3-4-5",1,19,7,127,51,937,449,7135,
Mixed,000235,p=1,v=5,"1-2-3-1 2-4=5-3",1,19,13,135,131,1069,1373,8815,
Mixed,000236,p=1,v=5,"1^^-2-3-4-2 4-5",1,19,13,119,111,829,981,6063,
Mixed,000237,p=1,v=5,"1^-2-3-1 3-4=5",1,19,19,107,171,691,1415,4867,
Mixed,000238,p=1,v=5,"1-2-3^-4=5^",1,21,1,133,-19,957,-307,7205,
Mixed,000239,p=1,v=5,"1-2^-3-4=5^",1,21,1,117,-19,717,-307,4613,
Mixed,000240,p=1,v=5,"1^^-2^-3-4 3-5",1,21,7,137,41,981,253,7297,
Mixed,000241,p=1,v=5,"1-2-3^-5=4-2",1,21,7,145,21,1077,-27,8241,
Mixed,000242,p=1,v=5,"1-2^-3-4^^ 3-5",1,21,7,121,41,741,197,4673,
Mixed,000243,p=1,v=5,"1^-2=3-4=5",1,21,13,133,121,933,1093,6917,
Mixed,000244,p=1,v=5,"1^^-2-3-4=5",1,21,13,125,141,837,1345,6085,
Mixed,000245,p=1,v=5,"1-2^-3^-4=5",1,21,13,125,101,789,729,5125,
Mixed,000246,p=1,v=5,"1-2^-3-4=5-3",1,21,19,121,181,765,1513,5217,
Mixed,000247,p=1,v=5,"1^^-2-3=4-5",1,23,7,139,91,935,995,6723,
Mixed,000248,p=1,v=5,"1^=2-3-4=5",1,23,7,147,71,1043,687,7811,
Mixed,000249,p=1,v=5,"1-2=4-5=3-1",1,23,7,147,111,1091,1359,8707,
Mixed,000250,p=1,v=5,"1-2-3=4-5^^",1,23,7,155,51,1151,379,8931,
Mixed,000251,p=1,v=5,"1^^-2-3 2-4=5",1,23,13,147,121,1007,1037,7203,
Mixed,000252,p=1,v=5,"1=2-3^-4=5",1,23,19,147,171,995,1387,6915,
Mixed,000253,p=1,v=5,"1=2-3-4=5-3",1,23,25,147,261,1055,2409,8227,
Mixed,000254,p=1,v=5,"1-2=3-4=5^",1,25,1,165,1,1225,1,9605,
Mixed,000255,p=1,v=5,"1^-2^-3^-4^-5^",-3,11,-21,55,-133,341,-871,2255,
Mixed,000256,p=1,v=5,"1^-2^-3-4^-5^-3",-3,13,-15,49,-73,205,-353,897,
Mixed,000257,p=1,v=5,"1^-2^-3-4^^ 3-5^",-3,13,-21,65,-143,397,-983,2641,
Mixed,000258,p=1,v=5,"1^^-2^-3-4^ 3-5^",-3,13,-21,73,-163,493,-1263,3617,
Mixed,000259,p=1,v=5,"1^-2-3^-5^-4^-2",-3,13,-21,77,-183,577,-1557,4613,
Mixed,000260,p=1,v=5,"1^^-2-3^-4-2 4-5^",-3,15,-15,71,-93,381,-619,2191,
Mixed,000261,p=1,v=5,"1^-2^-5-3-4^-5 1-3",-3,15,-15,79,-103,453,-731,2751,
Mixed,000262,p=1,v=5,"1^^-2-3^-4^-5^",-3,15,-21,71,-133,381,-815,2159,
Mixed,000263,p=1,v=5,"1^-2^-4^-5-3^-1",-3,15,-21,79,-143,453,-955,2751,
Mixed,000264,p=1,v=5,"1^^-2^-3-4^-5^",-3,15,-21,79,-153,489,-1123,3295,
Mixed,000265,p=1,v=5,"1^^-2^-3^-4-5^",-3,15,-21,87,-173,597,-1431,4463,
Mixed,000266,p=1,v=5,"1^-2-3^-5-1 2-4^-5",-3,15,-21,99,-213,795,-2061,6819,
Mixed,000267,p=1,v=5,"1^^-2-3-4^-5-3 2-5",-3,17,-9,93,-43,557,-269,3461,
Mixed,000268,p=1,v=5,"1^^-2-3-4^-5^-3",-3,17,-15,73,-73,341,-381,1665,
Mixed,000269,p=1,v=5,"1^^-2^-3-4^-5-3",-3,17,-15,97,-113,629,-941,4337,
Mixed,000270,p=1,v=5,"1^^-2-3-4^^ 3-5^",-3,17,-21,89,-143,509,-955,3025,
Mixed,000271,p=1,v=5,"1^^-2-3^-5-4^-2",-3,17,-21,93,-163,605,-1305,4293,
Mixed,000272,p=1,v=5,"1^-2-3-4^^ 3-5^^",-3,17,-21,97,-163,629,-1291,4385,
Mixed,000273,p=1,v=5,"1^^-2-3^-5^-4-2",-3,17,-21,101,-163,653,-1277,4485,
Mixed,000274,p=1,v=5,"1^-2^-3^-4=5^",-3,17,-27,101,-223,713,-1823,5477,
Mixed,000275,p=1,v=5,"1^^-2-3-4-2 4-5^^",-3,19,-15,119,-93,757,-591,4847,
Mixed,000276,p=1,v=5,"1^^-2-3^-4-5^^",-3,19,-21,87,-133,445,-815,2415,
Mixed,000277,p=1,v=5,"1^-2^-3-1 3-4=5^",-3,19,-21,99,-153,607,-1165,4067,
Mixed,000278,p=1,v=5,"1^^-2^-3-4-5^^",-3,19,-21,111,-153,697,-1123,4511,
Mixed,000279,p=1,v=5,"1^-2^-3=4-5^^",-3,19,-21,115,-173,799,-1501,5955,
Mixed,000280,p=1,v=5,"1^-2^-4=5-3^-1",-3,19,-21,119,-153,757,-1095,4847,
Mixed,000281,p=1,v=5,"1^^-2^-3^-4^-5",-3,19,-21,119,-173,829,-1487,6127,
Mixed,000282,p=1,v=5,"1^^-2^-3=4-5^",-3,19,-21,123,-173,859,-1473,6307,
Mixed,000283,p=1,v=5,"1^^-2-3^ 2-4=5^",-3,19,-27,115,-223,787,-1795,5731,
Mixed,000284,p=1,v=5,"1^^-2^-3-4=5-3",-3,21,-9,137,-23,981,-3,7297,
Mixed,000285,p=1,v=5,"1^^-2^-3^-4=5",-3,21,-15,141,-103,1029,-843,7781,
Mixed,000286,p=1,v=5,"1^^-2^-3-4^^ 3-5",-3,21,-21,137,-163,957,-1319,6881,
Mixed,000287,p=1,v=5,"1^^-2-3^-5=4-2",-3,21,-21,145,-183,1101,-1711,8785,
Mixed,000288,p=1,v=5,"1-2^-3-4^^ 3-5^^",-3,21,-21,121,-163,813,-1375,5921,
Mixed,000289,p=1,v=5,"1^^-2^-3-4=5^",-3,21,-27,133,-223,909,-1767,6373,
Mixed,000290,p=1,v=5,"1^^-2-3^-4=5^",-3,21,-27,117,-223,765,-1767,5445,
Mixed,000291,p=1,v=5,"1^^-2-3^^ 2-4=5",-3,23,-15,147,-83,1055,-591,7971,
Mixed,000292,p=1,v=5,"1^^-2-3=4-5^^",-3,23,-21,139,-153,935,-1193,6595,
Mixed,000293,p=1,v=5,"1^=2-3^-4=5^",-3,23,-33,147,-313,1091,-2761,8707,
Mixed,000294,p=1,v=5,"1^^-2=3-4=5^",-3,25,-27,165,-243,1225,-2187,9605,
Mixed,000295,p=1,v=5,"1^-2-3-4-5^",3,11,21,55,133,341,871,2255,
Mixed,000296,p=1,v=5,"1^-2-3-4^ 3-5",3,13,21,65,143,397,983,2641,
Mixed,000297,p=1,v=5,"1-2-3-4^ 3-5^",3,13,21,73,163,493,1263,3617,
Mixed,000298,p=1,v=5,"1^-2-3-5-4-2",3,13,21,77,183,577,1557,4613,
Mixed,000299,p=1,v=5,"1^-2-3-4-5-3",3,13,27,81,213,613,1725,4961,
Mixed,000300,p=1,v=5,"1^-2-3-4^-5",3,15,21,71,133,381,815,2159,
Mixed,000301,p=1,v=5,"1^-2-3^-4-5",3,15,21,79,153,489,1123,3295,
Mixed,000302,p=1,v=5,"1^-2-4-5-3-1",3,15,21,79,163,525,1291,3839,
Mixed,000303,p=1,v=5,"1^-2^-3-4-5",3,15,21,87,173,597,1431,4463,
Mixed,000304,p=1,v=5,"1-2-3-5-1 2-4-5",3,15,21,99,213,795,2061,6819,
Mixed,000305,p=1,v=5,"1^-2-3-4-2 4-5",3,15,27,87,213,621,1683,4815,
Mixed,000306,p=1,v=5,"1-2-5-3-4-5 1-3",3,15,27,95,243,765,2187,6655,
Mixed,000307,p=1,v=5,"1-2^-3-4^ 3-5",3,17,21,89,143,509,955,3025,
Mixed,000308,p=1,v=5,"1-2-3-5^-4-2",3,17,21,93,163,605,1305,4293,
Mixed,000309,p=1,v=5,"1^-2^-3-4 3-5",3,17,21,97,163,629,1291,4385,
Mixed,000310,p=1,v=5,"1-2-3^-5-4-2",3,17,21,101,163,653,1277,4485,
Mixed,000311,p=1,v=5,"1-2-3-4^-5-3",3,17,27,97,213,653,1641,4753,
Mixed,000312,p=1,v=5,"1^-2-3-4=5",3,17,27,101,223,713,1823,5477,
Mixed,000313,p=1,v=5,"1-2^-3-4-5-3",3,17,27,105,213,701,1641,4961,
Mixed,000314,p=1,v=5,"1-2-3-4-5-3 2-5",3,17,33,109,283,845,2397,7077,
Mixed,000315,p=1,v=5,"1-2^-3-4^-5",3,19,21,87,133,445,815,2415,
Mixed,000316,p=1,v=5,"1-2^-3^-4-5",3,19,21,111,153,697,1123,4511,
Mixed,000317,p=1,v=5,"1^-2-3=4-5",3,19,21,115,173,799,1501,5955,
Mixed,000318,p=1,v=5,"1-2-4=5-3-1",3,19,21,119,193,901,1879,7407,
Mixed,000319,p=1,v=5,"1^^-2-3-4-5",3,19,21,119,173,829,1487,6127,
Mixed,000320,p=1,v=5,"1-2-3=4-5^",3,19,21,123,173,859,1473,6307,
Mixed,000321,p=1,v=5,"1-2-3^-4-2 4-5",3,19,27,103,213,661,1599,4591,
Mixed,000322,p=1,v=5,"1^-2-3 2-4=5",3,19,27,115,223,787,1795,5731,
Mixed,000323,p=1,v=5,"1-2-3-1 3-4=5",3,19,33,131,293,991,2537,7971,
Mixed,000324,p=1,v=5,"1-2-3-4=5^",3,21,15,141,103,1029,843,7781,
Mixed,000325,p=1,v=5,"1-2-3-4^^ 3-5",3,21,21,137,163,957,1319,6881,
Mixed,000326,p=1,v=5,"1-2-3-5=4-2",3,21,21,145,183,1101,1711,8785,
Mixed,000327,p=1,v=5,"1^^-2-3-4 3-5",3,21,21,121,163,813,1375,5921,
Mixed,000328,p=1,v=5,"1-2-3^-4=5",3,21,27,133,223,909,1767,6373,
Mixed,000329,p=1,v=5,"1-2^-3-4=5",3,21,27,117,223,765,1767,5445,
Mixed,000330,p=1,v=5,"1-2-3-4=5-3",3,21,33,137,303,1029,2635,8257,
Mixed,000331,p=1,v=5,"1-2-3 2-4=5^",3,23,15,147,83,1055,591,7971,
Mixed,000332,p=1,v=5,"1-2^-3=4-5",3,23,21,139,153,935,1193,6595,
Mixed,000333,p=1,v=5,"1=2-3-4=5",3,23,33,147,313,1091,2761,8707,
Mixed,000334,p=1,v=5,"1-2=3-4=5",3,25,27,165,243,1225,2187,9605,
Mixed,000335,p=1,v=5,"1^-2^-4^-5^-3^-1",-5,15,-35,95,-245,645,-1685,4415,
Mixed,000336,p=1,v=5,"1^^-2^-3^-4^-5^",-5,15,-35,95,-255,705,-1965,5535,
Mixed,000337,p=1,v=5,"1^^-2^-3-4^-5^-3",-5,17,-29,89,-195,557,-1391,3873,
Mixed,000338,p=1,v=5,"1^-2^-3-4^^ 3-5^^",-5,17,-35,97,-245,677,-1853,5217,
Mixed,000339,p=1,v=5,"1^^-2^-3-4^^ 3-5^",-5,17,-35,105,-265,749,-2021,5649,
Mixed,000340,p=1,v=5,"1^^-2-3^-5^-4^-2",-5,17,-35,109,-285,845,-2399,7077,
Mixed,000341,p=1,v=5,"1^^-2-3^-4-2 4-5^^",-5,19,-29,103,-195,613,-1321,3823,
Mixed,000342,p=1,v=5,"1^^-2^-3^-4-5^^",-5,19,-35,111,-255,745,-1909,5407,
Mixed,000343,p=1,v=5,"1^^-2^-3-4^-5^^",-5,19,-35,119,-275,829,-2105,5999,
Mixed,000344,p=1,v=5,"1^^-2-3-4^^ 3-5^^",-5,21,-35,121,-245,765,-1769,5217,
Mixed,000345,p=1,v=5,"1^^-2^-3^-4=5^",-5,21,-41,141,-345,1077,-2917,8741,
Mixed,000346,p=1,v=5,"1^^-2^-3=4-5^^",-5,23,-35,155,-295,1151,-2567,9059,
Mixed,000347,p=1,v=5,"1^^-2-3^^ 2-4=5^",-5,23,-41,147,-325,1055,-2665,8227,
Mixed,000348,p=1,v=5,"1-2-4-5-3-1",5,15,35,95,265,765,2245,6655,
Mixed,000349,p=1,v=5,"1^-2-3-4-5",5,15,35,95,255,705,1965,5535,
Mixed,000350,p=1,v=5,"1^-2-3-4 3-5",5,17,35,97,245,677,1853,5217,
Mixed,000351,p=1,v=5,"1-2-3-4^ 3-5",5,17,35,105,265,749,2021,5649,
Mixed,000352,p=1,v=5,"1-2-3-5-4-2",5,17,35,109,285,845,2399,7077,
Mixed,000353,p=1,v=5,"1-2-3-4-5-3",5,17,41,121,335,965,2763,8001,
Mixed,000354,p=1,v=5,"1-2^-3-4-5",5,19,35,111,255,745,1909,5407,
Mixed,000355,p=1,v=5,"1-2-3^-4-5",5,19,35,119,275,829,2105,5999,
Mixed,000356,p=1,v=5,"1-2-3-4-2 4-5",5,19,41,119,315,901,2553,7407,
Mixed,000357,p=1,v=5,"1-2^-3-4 3-5",5,21,35,121,245,765,1769,5217,
Mixed,000358,p=1,v=5,"1-2-3-4=5",5,21,41,141,345,1077,2917,8741,
Mixed,000359,p=1,v=5,"1-2-3=4-5",5,23,35,155,295,1151,2567,9059,
Mixed,000360,p=1,v=5,"1-2-3 2-4=5",5,23,41,147,325,1055,2665,8227,
Mixed,000361,p=1,v=5,"1^^-2^-3^-4^-5^^",-7,19,-49,135,-377,1069,-3059,8815,
Mixed,000362,p=1,v=5,"1^^-2^-3-4^^ 3-5^^",-7,21,-49,137,-367,1029,-2891,8257,
Mixed,000363,p=1,v=5,"1-2-3-4-5",7,19,49,135,377,1069,3059,8815,
Mixed,000364,p=1,v=5,"1-2-3-4 3-5",7,21,49,137,367,1029,2891,8257,
Mixed,000365,p=1,v=6,"1^-2-3^ 2-4-5^ 4-6^",0,10,0,34,0,130,0,514,
Mixed,000366,p=1,v=6,"1^-2-3^-4-5^ 4-6^",0,12,0,44,-10,180,-84,772,
Mixed,000367,p=1,v=6,"1^-2^-3-4-5^ 4-6^",0,12,0,44,10,180,84,772,
Mixed,000368,p=1,v=6,"1^-2^-3-4^ 3-5-6^",0,12,0,48,0,222,0,1056,
Mixed,000369,p=1,v=6,"1^-2-3-4^ 2-5-3 5-6^",0,12,6,48,60,234,420,1248,
Mixed,000370,p=1,v=6,"1^-2^-3-4^-5-6^",0,14,0,50,0,194,0,786,
Mixed,000371,p=1,v=6,"1^-2-3^-4^-5-6^",0,14,0,58,-20,266,-196,1282,
Mixed,000372,p=1,v=6,"1^-2^-3-4-5^-6^",0,14,0,58,20,266,196,1282,
Mixed,000373,p=1,v=6,"1^-2^-3^-4-5-6^",0,14,0,66,0,362,0,2034,
Mixed,000374,p=1,v=6,"1^-2-3^-4-5-2 5-6^",0,14,0,66,0,362,0,2034,
Mixed,000375,p=1,v=6,"1^-2-3^-5-4-2 5-6^",0,14,0,70,0,398,0,2310,
Mixed,000376,p=1,v=6,"1^-2-3-4^-5-3 5-6^",0,14,6,54,50,242,336,1190,
Mixed,000377,p=1,v=6,"1^-2-3^ 2-4-5^-6-4",0,14,6,58,50,278,350,1442,
Mixed,000378,p=1,v=6,"1^-2^-3-4-5-3 5-6^",0,14,6,70,70,410,588,2534,
Mixed,000379,p=1,v=6,"1^-2-3-4-2 3-5-4 5-6^",0,14,12,70,120,446,980,3078,
Mixed,000380,p=1,v=6,"1^-2-3-5^-6-4^-2",0,16,0,64,10,286,112,1344,
Mixed,000381,p=1,v=6,"1^^-2-3-4^ 3-5-6^",0,16,0,72,0,370,0,2000,
Mixed,000382,p=1,v=6,"1^-2^-3-4^ 3-5^-6",0,16,0,72,0,370,0,2000,
Mixed,000383,p=1,v=6,"1^-2-3-5^-6^-4-2",0,16,0,72,10,370,112,2000,
Mixed,000384,p=1,v=6,"1^-2-3^-5-6-4^-2",0,16,0,72,10,370,112,2000,
Mixed,000385,p=1,v=6,"1-2^-3^-4-5^ 4-6^",0,16,0,76,-10,400,-112,2212,
Mixed,000386,p=1,v=6,"1^^-2-3-4-5^ 4-6^",0,16,0,76,10,400,112,2212,
Mixed,000387,p=1,v=6,"1^-2-3-4^-6-5^-3",0,16,0,76,-20,412,-224,2340,
Mixed,000388,p=1,v=6,"1^-2^-3-4-6^-5-3",0,16,0,76,20,412,224,2340,
Mixed,000389,p=1,v=6,"1^-2-3^-5^-6-4-2",0,16,0,80,10,454,112,2688,
Mixed,000390,p=1,v=6,"1^-2-3-4^^ 3-5-6^",0,16,0,80,-20,454,-224,2688,
Mixed,000391,p=1,v=6,"1^-2^-3-4 3-5^-6^",0,16,0,80,20,454,224,2688,
Mixed,000392,p=1,v=6,"1^-2-3^ 2-4=5-6^",0,16,0,84,0,496,0,3044,
Mixed,000393,p=1,v=6,"1^-2-3-4-5^^ 4-6^",0,16,0,84,-10,508,-112,3172,
Mixed,000394,p=1,v=6,"1^-2^-3^-4-5^ 4-6",0,16,0,84,10,508,112,3172,
Mixed,000395,p=1,v=6,"1^-2-3-4^-6^-5-3",0,16,0,84,-20,496,-224,3044,
Mixed,000396,p=1,v=6,"1^-2^-3-4^-6-5-3",0,16,0,84,20,496,224,3044,
Mixed,000397,p=1,v=6,"1^-2-3-4^-6-2 3-5-6",0,16,0,100,0,688,0,4804,
Mixed,000398,p=1,v=6,"1^-2-3^-4-5^-6-4",0,16,6,68,40,316,238,1540,
Mixed,000399,p=1,v=6,"1^-2-3-4-5^-6^-4",0,16,6,68,60,340,462,1860,
Mixed,000400,p=1,v=6,"1^-2^-3-4-5^-6-4",0,16,6,68,60,340,462,1860,
Mixed,000401,p=1,v=6,"1^-2-3-6-4-5^-6 2-4",0,16,6,76,80,436,714,2724,
Mixed,000402,p=1,v=6,"1^-2-3-4^-5-6-2 3-6",0,16,6,80,70,466,616,2912,
Mixed,000403,p=1,v=6,"1^-2-3^-6-4-5-6 2-4",0,16,6,92,60,604,546,4100,
Mixed,000404,p=1,v=6,"1^-2^-3^-4-5-6-4",0,16,6,100,80,700,798,5060,
Mixed,000405,p=1,v=6,"1^-2-3-4-5^-6-4 3-6",0,16,12,76,100,436,756,2724,
Mixed,000406,p=1,v=6,"1^-2^-3-4-5-6-4 3-6",0,16,12,92,140,652,1316,4932,
Mixed,000407,p=1,v=6,"1^-2-3-5-4-2 3-6-4 5-6",0,16,12,100,140,736,1372,5700,
Mixed,000408,p=1,v=6,"1^-2-4^-6-5^-3-1",0,18,0,66,0,282,0,1314,
Mixed,000409,p=1,v=6,"1^-2-4-3-1 2-6-3 4-5-6",0,18,0,130,0,1026,0,8194,
Mixed,000410,p=1,v=6,"1^^-2-3-4^-5-6^",0,18,0,82,0,402,0,2050,
Mixed,000411,p=1,v=6,"1^-2^-3-4^-5^-6",0,18,0,82,0,402,0,2050,
Mixed,000412,p=1,v=6,"1^^-2-3^-4-5-6^",0,18,0,82,0,426,0,2338,
Mixed,000413,p=1,v=6,"1^-2-4^-6-5-3^-1",0,18,0,82,0,426,0,2338,
Mixed,000414,p=1,v=6,"1^-2^-3^-4-5^-6",0,18,0,82,0,426,0,2338,
Mixed,000415,p=1,v=6,"1^-2-3^-4^-5^-6",0,18,0,90,-20,498,-252,2898,
Mixed,000416,p=1,v=6,"1^^-2-3-4-5^-6^",0,18,0,90,20,498,252,2898,
Mixed,000417,p=1,v=6,"1^-2-3^-4=5-6^",0,18,0,94,-20,546,-252,3334,
Mixed,000418,p=1,v=6,"1^-2^-3-4=5-6^",0,18,0,94,20,546,252,3334,
Mixed,000419,p=1,v=6,"1^-2-6-4^-3-5-6 1-3",0,18,0,94,20,546,252,3334,
Mixed,000420,p=1,v=6,"1-2^-6-3-4^-5-6 1-3",0,18,0,98,0,594,0,3778,
Mixed,000421,p=1,v=6,"1^-2-3^ 2-4-5^^ 4-6",0,18,0,98,0,594,0,3778,
Mixed,000422,p=1,v=6,"1^-2-6-3-4^-5-6 1-3",0,18,0,98,0,618,0,4066,
Mixed,000423,p=1,v=6,"1^^-2-3^ 2-4-5^ 4-6",0,18,0,98,0,618,0,4066,
Mixed,000424,p=1,v=6,"1^-2^-4-6-5-3^-1",0,18,0,98,0,618,0,4066,
Mixed,000425,p=1,v=6,"1^-2^-3=4-5-6^",0,18,0,98,0,618,0,4066,
Mixed,000426,p=1,v=6,"1-2-5-3-1-4-5 3-6-2 4-6",0,18,0,162,0,1458,0,13122,
Mixed,000427,p=1,v=6,"1-2-6-4^-3-5^-6 1-3",0,18,0,102,0,690,0,4806,
Mixed,000428,p=1,v=6,"1^-2-3^-5-4^-2 5-6",0,18,0,102,-20,666,-252,4518,
Mixed,000429,p=1,v=6,"1^^-2-3-5-4-2 5-6^",0,18,0,102,20,666,252,4518,
Mixed,000430,p=1,v=6,"1^-2^-6-4-3-5-6 1-3",0,18,0,102,40,642,504,4230,
Mixed,000431,p=1,v=6,"1^^-2^-3-4-5-6^",0,18,0,106,-20,714,-252,4978,
Mixed,000432,p=1,v=6,"1^-2-3^-4^-5-2 5-6",0,18,0,106,-20,714,-252,4978,
Mixed,000433,p=1,v=6,"1^^-2-3-4-5-2 5-6^",0,18,0,106,20,714,252,4978,
Mixed,000434,p=1,v=6,"1^-2^-3^-4^-5-6",0,18,0,106,20,714,252,4978,
Mixed,000435,p=1,v=6,"1^-2-3-4^ 2-5=6-3",0,18,0,114,0,834,0,6210,
Mixed,000436,p=1,v=6,"1^-2^-6-3-4-5-6 1-3",0,18,0,114,0,834,0,6210,
Mixed,000437,p=1,v=6,"1^-2-3^ 2-4-5=6^",0,18,-6,98,-60,606,-532,3970,
Mixed,000438,p=1,v=6,"1^-2-3-4^ 3-5=6^",0,18,-6,98,-80,630,-784,4322,
Mixed,000439,p=1,v=6,"1^-2-4-5^-6-4 1-3-6",0,18,6,74,70,378,574,2178,
Mixed,000440,p=1,v=6,"1-2^-3-4^-5-3 5-6^",0,18,6,78,50,366,336,1798,
Mixed,000441,p=1,v=6,"1-2^-4-5^-6-4 1-3-6",0,18,6,82,70,450,602,2706,
Mixed,000442,p=1,v=6,"1^-2-3 2-4-5^-6^-4",0,18,6,82,70,438,602,2562,
Mixed,000443,p=1,v=6,"1^-2^-3-4^-5-3 5-6",0,18,6,86,70,486,616,2982,
Mixed,000444,p=1,v=6,"1-2^-4-5-6-4 1-3^-6",0,18,6,90,70,498,630,2978,
Mixed,000445,p=1,v=6,"1^^-2-3-4-5-3 5-6^",0,18,6,94,70,582,644,3846,
Mixed,000446,p=1,v=6,"1^-2-3^ 2-4^-5=6",0,18,6,98,60,606,532,3970,
Mixed,000447,p=1,v=6,"1^-2^-4-5-6-4 1-3-6",0,18,6,98,70,618,658,4146,
Mixed,000448,p=1,v=6,"1^-2^-3-4^ 3-5=6",0,18,6,98,80,630,784,4322,
Mixed,000449,p=1,v=6,"1^-2-3-4-5-3 5-6^^",0,18,6,102,50,654,420,4390,
Mixed,000450,p=1,v=6,"1^-2-3-6-4-1 4-5-2 5-6",0,18,6,106,90,726,938,5266,
Mixed,000451,p=1,v=6,"1^^-2-3^ 2-4-5-6-4",0,18,6,114,70,822,714,6146,
Mixed,000452,p=1,v=6,"1^-2-3-1 3-4-5^-6-4",0,18,12,82,100,426,700,2402,
Mixed,000453,p=1,v=6,"1^-2-4-5-3-6-4 1-3 5-6",0,18,12,94,140,618,1288,4518,
Mixed,000454,p=1,v=6,"1^-2-3^ 2-4-5=6-4",0,18,12,98,140,642,1316,4674,
Mixed,000455,p=1,v=6,"1^-2^-3-1 3-4-5-6-4",0,18,12,98,140,642,1316,4674,
Mixed,000456,p=1,v=6,"1^-2-3-1 2-4-5-6-4 3-6",0,18,12,98,140,642,1316,4674,
Mixed,000457,p=1,v=6,"1-2-3-1-4-5-2 3-6-4 5-6",0,18,12,114,180,858,1932,7074,
Mixed,000458,p=1,v=6,"1^^-2^-3-4^ 3-5-6",0,20,0,128,0,926,0,6976,
Mixed,000459,p=1,v=6,"1^-2-3-4^-6=5-3",0,20,0,128,-40,926,-560,6976,
Mixed,000460,p=1,v=6,"1^-2^-3-4-6=5-3",0,20,0,128,40,926,560,6976,
Mixed,000461,p=1,v=6,"1-2-3-4^-6^-5^-3",0,20,0,132,-20,1004,-280,7876,
Mixed,000462,p=1,v=6,"1^^-2^-3-4-6-5-3",0,20,0,132,20,1004,280,7876,
Mixed,000463,p=1,v=6,"1-2-3-4^-6-2 3-5^-6",0,20,0,132,-40,980,-560,7556,
Mixed,000464,p=1,v=6,"1^^-2-3-4-6-2 3-5-6",0,20,0,132,40,980,560,7556,
Mixed,000465,p=1,v=6,"1^^-2-3-4^ 3-5^-6",0,20,0,96,0,494,0,2624,
Mixed,000466,p=1,v=6,"1-2^-3-4-5^^ 4-6^",0,20,0,100,-10,560,-140,3300,
Mixed,000467,p=1,v=6,"1^^-2-3^-4-5^ 4-6",0,20,0,100,10,560,140,3300,
Mixed,000468,p=1,v=6,"1-2^-3-4^-6-5^-3",0,20,0,100,-20,572,-280,3460,
Mixed,000469,p=1,v=6,"1^^-2-3-4-6^-5-3",0,20,0,100,20,572,280,3460,
Mixed,000470,p=1,v=6,"1-2-3^-5^-6-4^-2",0,20,0,104,10,578,140,3344,
Mixed,000471,p=1,v=6,"1^^-2-3-5^-6-4-2",0,20,0,104,10,626,140,3984,
Mixed,000472,p=1,v=6,"1^-2-3-4^^ 3-5^-6",0,20,0,104,-20,602,-280,3664,
Mixed,000473,p=1,v=6,"1^^-2-3-4 3-5^-6^",0,20,0,104,20,602,280,3664,
Mixed,000474,p=1,v=6,"1^-2-3^-4-5^^ 4-6",0,20,0,108,-10,644,-140,4036,
Mixed,000475,p=1,v=6,"1^-2^-3-4-5^^ 4-6",0,20,0,108,10,644,140,4036,
Mixed,000476,p=1,v=6,"1^-2-3-4^-6=5-2",0,20,0,108,10,668,140,4356,
Mixed,000477,p=1,v=6,"1-2^-3-4^-6^-5-3",0,20,0,108,-20,632,-280,3876,
Mixed,000478,p=1,v=6,"1^^-2-3-4^-6-5-3",0,20,0,108,20,632,280,3876,
Mixed,000479,p=1,v=6,"1^-2-3^-4-6=5-2",0,20,0,108,30,668,420,4356,
Mixed,000480,p=1,v=6,"1^^-2-3^-5-6-4-2",0,20,0,112,10,734,140,5056,
Mixed,000481,p=1,v=6,"1-2-3^-5^-6^-4-2",0,20,0,112,10,686,140,4416,
Mixed,000482,p=1,v=6,"1^-2-3^-5=6-4-2",0,20,0,112,20,710,280,4736,
Mixed,000483,p=1,v=6,"1^^-2^-3-4-5^ 4-6",0,20,0,116,-10,776,-140,5444,
Mixed,000484,p=1,v=6,"1-2-3^-4-5^^ 4-6^",0,20,0,116,10,776,140,5444,
Mixed,000485,p=1,v=6,"1^-2-3-4-2 4-5=6^",0,20,0,120,-10,830,-140,6000,
Mixed,000486,p=1,v=6,"1^^-2^-3-4 3-5-6^",0,20,0,120,-20,818,-280,5840,
Mixed,000487,p=1,v=6,"1^-2^-3-4^^ 3-5-6",0,20,0,120,20,818,280,5840,
Mixed,000488,p=1,v=6,"1^-2-3^-4-5=6^",0,20,-6,104,-70,614,-644,3888,
Mixed,000489,p=1,v=6,"1^-2^-3-4-5=6^",0,20,-6,112,-50,698,-392,4576,
Mixed,000490,p=1,v=6,"1^-2-3-4^-5=6^",0,20,-6,112,-90,746,-952,5344,
Mixed,000491,p=1,v=6,"1^-2-3-4-2 3-5=6-4",0,20,6,128,80,938,868,7232,
Mixed,000492,p=1,v=6,"1^^-2^-3-4-5-6-4",0,20,6,132,60,992,602,7748,
Mixed,000493,p=1,v=6,"1-2^-3-4-5^-6^-4",0,20,6,84,60,392,434,1956,
Mixed,000494,p=1,v=6,"1-2^-3^-4-5^-6-4",0,20,6,100,40,536,210,2948,
Mixed,000495,p=1,v=6,"1^^-2-3-4-5^-6-4",0,20,6,100,60,560,490,3332,
Mixed,000496,p=1,v=6,"1-2-3^-4-5^-6^-4",0,20,6,100,80,584,770,3716,
Mixed,000497,p=1,v=6,"1^-2^-3-4^-5=6",0,20,6,104,70,614,644,3888,
Mixed,000498,p=1,v=6,"1^-2=3-4-5^-6-4",0,20,6,108,50,644,378,4036,
Mixed,000499,p=1,v=6,"1-2-3^-6-4-5^-6 2-4",0,20,6,108,60,632,518,3908,
Mixed,000500,p=1,v=6,"1^-2-3^-4^-5=6",0,20,6,112,50,698,392,4576,
Mixed,000501,p=1,v=6,"1^^-2-3-4^ 2-5-3 5-6",0,20,6,112,60,722,532,4928,
Mixed,000502,p=1,v=6,"1^-2^-3^-4-5=6",0,20,6,112,90,746,952,5344,
Mixed,000503,p=1,v=6,"1^^-2-3^-4-5-6-4",0,20,6,116,80,752,826,5220,
Mixed,000504,p=1,v=6,"1-2-3-4^-5^-6-2 3-6",0,20,6,120,50,806,420,5680,
Mixed,000505,p=1,v=6,"1^^-2-3-4-5-6-2 3-6",0,20,6,120,90,854,980,6448,
Mixed,000506,p=1,v=6,"1^^-2-3-6-4-5-6 2-4",0,20,6,124,80,896,854,6820,
Mixed,000507,p=1,v=6,"1-2^-3-4-5^-6-4 3-6",0,20,12,100,100,548,700,3140,
Mixed,000508,p=1,v=6,"1^-2-3^-4-2 4-5=6",0,20,12,104,130,638,1148,4336,
Mixed,000509,p=1,v=6,"1^-2-3^-4-5=6-4",0,20,12,108,130,668,1176,4548,
Mixed,000510,p=1,v=6,"1^-2^-3-4-5=6-4",0,20,12,108,150,716,1456,5316,
Mixed,000511,p=1,v=6,"1^^-2-3-4-5-6-4 3-6",0,20,12,116,140,812,1372,6180,
Mixed,000512,p=1,v=6,"1^^-2^-3-4^-5-6",0,22,0,130,0,874,0,6194,
Mixed,000513,p=1,v=6,"1^^-2-3^-4-5-2 5-6",0,22,0,130,0,874,0,6194,
Mixed,000514,p=1,v=6,"1^-2-4-6=5-3^-1",0,22,0,130,0,874,0,6194,
Mixed,000515,p=1,v=6,"1^^-2-3-4^-5-2 5-6",0,22,0,130,0,826,0,5490,
Mixed,000516,p=1,v=6,"1^-2=3-4=5-6^",0,22,0,134,0,886,0,6150,
Mixed,000517,p=1,v=6,"1^^-2-3^-5-4-2 5-6",0,22,0,134,0,886,0,6150,
Mixed,000518,p=1,v=6,"1^-2-3-4=5-6^^",0,22,0,134,-20,934,-308,6854,
Mixed,000519,p=1,v=6,"1^-2^-3^-4=5-6",0,22,0,134,20,934,308,6854,
Mixed,000520,p=1,v=6,"1^-2-3-4-1 2-5=6-4",0,22,0,134,40,886,616,6150,
Mixed,000521,p=1,v=6,"1^^-2^-3^-4-5-6",0,22,0,146,0,1090,0,8530,
Mixed,000522,p=1,v=6,"1^-2-4-3-1 3-5=6-4",0,22,0,146,0,1090,0,8530,
Mixed,000523,p=1,v=6,"1-2-3-1 3-4^-5=6^",0,22,0,146,-10,1078,-154,8354,
Mixed,000524,p=1,v=6,"1^^-2-3^-4-5^-6",0,22,0,98,0,490,0,2610,
Mixed,000525,p=1,v=6,"1-2^-4-6=5-3^-1",0,22,0,114,0,706,0,4690,
Mixed,000526,p=1,v=6,"1^^-2-3-4^-5^-6",0,22,0,114,0,610,0,3282,
Mixed,000527,p=1,v=6,"1^-2-3-1 3-4-5=6^",0,22,0,122,-10,766,-154,5074,
Mixed,000528,p=1,v=6,"1-2-4^-6=5-3^-1",0,22,0,122,-20,778,-308,5250,
Mixed,000529,p=1,v=6,"1-2^-3^-4^-5^-6",0,22,0,122,-20,730,-308,4546,
Mixed,000530,p=1,v=6,"1^^-2^-3-4-5^-6",0,22,0,122,-20,754,-308,4898,
Mixed,000531,p=1,v=6,"1^-2^-3=4-5^-6",0,22,0,122,-20,754,-308,4898,
Mixed,000532,p=1,v=6,"1^-2^-4-6=5-3-1",0,22,0,122,20,778,308,5250,
Mixed,000533,p=1,v=6,"1^^-2-3-4-5-6^^",0,22,0,122,20,730,308,4546,
Mixed,000534,p=1,v=6,"1^^-2-3^-4^-5-6",0,22,0,122,20,754,308,4898,
Mixed,000535,p=1,v=6,"1^^-2-3=4-5-6^",0,22,0,122,20,754,308,4898,
Mixed,000536,p=1,v=6,"1-2^-3^-4=5-6^",0,22,0,126,-20,766,-308,4838,
Mixed,000537,p=1,v=6,"1^^-2-3-4=5-6^",0,22,0,126,20,766,308,4838,
Mixed,000538,p=1,v=6,"1^-2^-3-4 3-5=6^",0,22,-6,130,-60,862,-532,6034,
Mixed,000539,p=1,v=6,"1^-2-3 2-4^-5=6^",0,22,-6,130,-80,886,-840,6450,
Mixed,000540,p=1,v=6,"1-2^-4-3-1 4-5=6^",0,22,-6,134,-60,898,-546,6342,
Mixed,000541,p=1,v=6,"1-2^-3-4^ 3-5=6^",0,22,-6,122,-80,766,-812,5154,
Mixed,000542,p=1,v=6,"1^-2-4-3-1 4-5=6^",0,22,-6,126,-60,826,-518,5734,
Mixed,000543,p=1,v=6,"1^-2-3-4^^ 3-5=6",0,22,6,130,60,862,532,6034,
Mixed,000544,p=1,v=6,"1^^-2-3^ 2-4-5=6",0,22,6,130,80,886,840,6450,
Mixed,000545,p=1,v=6,"1^-2^-4-3-1 4-5=6",0,22,6,134,60,898,546,6342,
Mixed,000546,p=1,v=6,"1-2-3^-5=6-4-1 2-4",0,22,6,134,70,898,700,6374,
Mixed,000547,p=1,v=6,"1^^-2^-3-4-5-3 5-6",0,22,6,142,50,1042,420,8006,
Mixed,000548,p=1,v=6,"1^=2-3-4-5-6-4 3-6",0,22,6,142,60,1066,574,8390,
Mixed,000549,p=1,v=6,"1^^-2-3-4^-5-3 5-6",0,22,6,110,70,634,616,3942,
Mixed,000550,p=1,v=6,"1^-2-3-5=6-4-1 2-4",0,22,6,118,90,778,952,5606,
Mixed,000551,p=1,v=6,"1^^-2-3 2-4-5^-6-4",0,22,6,122,50,742,350,4706,
Mixed,000552,p=1,v=6,"1^^-2-3-4^ 3-5=6",0,22,6,122,80,766,812,5154,
Mixed,000553,p=1,v=6,"1-2^-3-4-5-3 5-6^^",0,22,6,126,50,754,364,4646,
Mixed,000554,p=1,v=6,"1-2^-4-3^-1 4-5=6",0,22,6,126,60,826,518,5734,
Mixed,000555,p=1,v=6,"1-2-3-4^-5-3 5-6^^",0,22,6,126,70,826,672,5766,
Mixed,000556,p=1,v=6,"1=2-4-5-3-6-4 1-3 5-6",0,22,12,134,160,982,1708,7878,
Mixed,000557,p=1,v=6,"1^^-2-3-4-2 3-5-4 5-6",0,22,12,134,120,934,1092,6918,
Mixed,000558,p=1,v=6,"1^-2^-3-1 3-4-5=6",0,22,12,114,150,718,1414,5122,
Mixed,000559,p=1,v=6,"1^-2-3-1 3-4^-5=6",0,22,12,122,110,742,854,4722,
Mixed,000560,p=1,v=6,"1^-2-3-1 3-4-5=6-4",0,22,18,122,190,790,1666,5666,
Mixed,000561,p=1,v=6,"1=2-3-4-5^-6-4 3-6",0,22,18,126,180,826,1554,5862,
Mixed,000562,p=1,v=6,"1-2^-3-4^^ 3-5^-6",0,24,0,128,-20,774,-336,4960,
Mixed,000563,p=1,v=6,"1^^-2-3-4 3-5-6^^",0,24,0,128,20,774,336,4960,
Mixed,000564,p=1,v=6,"1-2-3^-4-2 4-5=6^",0,24,0,136,-10,894,-168,6256,
Mixed,000565,p=1,v=6,"1-2^-3^-4-5^^ 4-6",0,24,0,140,-10,864,-168,5476,
Mixed,000566,p=1,v=6,"1^^-2-3-4-5^^ 4-6",0,24,0,140,10,864,168,5476,
Mixed,000567,p=1,v=6,"1-2-3^-5=6-4^-2",0,24,0,144,0,894,0,5664,
Mixed,000568,p=1,v=6,"1^^-2^-3-4 3-5^-6",0,24,0,144,-20,942,-336,6432,
Mixed,000569,p=1,v=6,"1^^-2-3-4^^ 3-5-6",0,24,0,144,20,942,336,6432,
Mixed,000570,p=1,v=6,"1^^-2-3-5=6-4-2",0,24,0,144,40,990,672,7200,
Mixed,000571,p=1,v=6,"1^^-2-3 2-4=5-6^",0,24,0,148,0,960,0,6436,
Mixed,000572,p=1,v=6,"1^-2-3=4^ 2-5=6",0,24,0,148,0,1032,0,7588,
Mixed,000573,p=1,v=6,"1-2-3^-4^-6=5-2",0,24,0,148,10,948,168,6244,
Mixed,000574,p=1,v=6,"1^-2-3 2-4=5-6^^",0,24,0,148,-20,1032,-336,7588,
Mixed,000575,p=1,v=6,"1^^-2-3^ 2-4=5-6",0,24,0,148,20,1032,336,7588,
Mixed,000576,p=1,v=6,"1^^-2-3-4-6=5-2",0,24,0,148,30,1044,504,7780,
Mixed,000577,p=1,v=6,"1^-2-3=5-6=4-2",0,24,0,148,40,1032,672,7588,
Mixed,000578,p=1,v=6,"1-2^-3-4^-6=5-3",0,24,0,152,-40,1074,-672,7984,
Mixed,000579,p=1,v=6,"1^^-2-3-4-6=5-3",0,24,0,152,40,1074,672,7984,
Mixed,000580,p=1,v=6,"1^^-2^-3^-4-5 4-6",0,24,0,156,-10,1128,-168,8580,
Mixed,000581,p=1,v=6,"1-2-3-4-5^^ 4-6^^",0,24,0,156,10,1128,168,8580,
Mixed,000582,p=1,v=6,"1-2^-3-4^-5=6^",0,24,-6,128,-90,810,-952,5632,
Mixed,000583,p=1,v=6,"1-2^-3^-4-5=6^",0,24,-6,136,-70,822,-644,5136,
Mixed,000584,p=1,v=6,"1^^-2-3-4-5=6^",0,24,-6,144,-50,930,-336,6208,
Mixed,000585,p=1,v=6,"1^-2=3-4-5=6^",0,24,-6,148,-50,972,-350,6596,
Mixed,000586,p=1,v=6,"1^-2-3=4-5=6^",0,24,-6,148,-70,1044,-686,7812,
Mixed,000587,p=1,v=6,"1-2-3^-4^-5=6^",0,24,-6,152,-70,1086,-700,8208,
Mixed,000588,p=1,v=6,"1^^-2-3^-4-5=6",0,24,6,128,90,810,952,5632,
Mixed,000589,p=1,v=6,"1-2=3-4-5^-6^-4",0,24,6,132,90,852,966,5988,
Mixed,000590,p=1,v=6,"1^^-2-3-4^-5=6",0,24,6,136,70,822,644,5136,
Mixed,000591,p=1,v=6,"1-2^-3^-4^-5=6",0,24,6,144,50,930,336,6208,
Mixed,000592,p=1,v=6,"1^-2=3-4^-5=6",0,24,6,148,50,972,350,6596,
Mixed,000593,p=1,v=6,"1^-2^-3=4-5=6",0,24,6,148,70,1044,686,7812,
Mixed,000594,p=1,v=6,"1^^-2^-3-4-5=6",0,24,6,152,70,1086,700,8208,
Mixed,000595,p=1,v=6,"1^^-2=3-4-5-6-4",0,24,6,164,50,1236,406,9764,
Mixed,000596,p=1,v=6,"1-2^-3^-4-5=6-4",0,24,12,140,130,888,1148,5924,
Mixed,000597,p=1,v=6,"1^^-2-3-4-5=6-4",0,24,12,140,150,936,1484,6820,
Mixed,000598,p=1,v=6,"1^-2=3-4-5=6-4",0,24,12,148,140,1008,1372,7332,
Mixed,000599,p=1,v=6,"1^^-2-3-4-2 4-5=6",0,24,12,152,130,1038,1232,7472,
Mixed,000600,p=1,v=6,"1=2-4-3-1 3-5=6-4",0,26,0,194,0,1586,0,13634,
Mixed,000601,p=1,v=6,"1^^-2-3=4-5^-6",0,26,0,146,0,890,0,5602,
Mixed,000602,p=1,v=6,"1-2^-3-4=5-6^^",0,26,0,150,-20,986,-364,6886,
Mixed,000603,p=1,v=6,"1^^-2-3^-4=5-6",0,26,0,150,20,986,364,6886,
Mixed,000604,p=1,v=6,"1-2^-5=6 3=4^ 1-3",0,26,0,158,0,1034,0,6982,
Mixed,000605,p=1,v=6,"1^-2-4=6-5=3-1",0,26,0,158,0,1130,0,8646,
Mixed,000606,p=1,v=6,"1^-2-5=6 3=4^ 1-3",0,26,0,158,0,1130,0,8646,
Mixed,000607,p=1,v=6,"1^^-2-3^^ 2-4-5 4-6",0,26,0,162,0,1154,0,8706,
Mixed,000608,p=1,v=6,"1^-2=4-5-6=3-1",0,26,0,162,0,1154,0,8706,
Mixed,000609,p=1,v=6,"1^^-2-3 2-4-5^^ 4-6",0,26,0,162,0,1058,0,7042,
Mixed,000610,p=1,v=6,"1-2-3^-4=5-6^^",0,26,0,166,-20,1178,-364,8774,
Mixed,000611,p=1,v=6,"1^^-2^-3-4=5-6",0,26,0,166,20,1178,364,8774,
Mixed,000612,p=1,v=6,"1^^-2^-3=4-5-6",0,26,0,178,0,1322,0,10274,
Mixed,000613,p=1,v=6,"1^^-2-3-4 2-5=6-3",0,26,0,178,0,1322,0,10274,
Mixed,000614,p=1,v=6,"1^^-2-3-4 3-5=6^",0,26,-6,154,-60,1022,-448,7122,
Mixed,000615,p=1,v=6,"1^^-2-3 2-4-5=6^",0,26,-6,162,-60,1070,-476,7234,
Mixed,000616,p=1,v=6,"1-2-3-4^^ 3-5=6^",0,26,-6,170,-60,1214,-504,9042,
Mixed,000617,p=1,v=6,"1^=2-3-4-6=5-3",0,26,-6,178,-40,1334,-168,10402,
Mixed,000618,p=1,v=6,"1-2^-3-4^^ 3-5=6",0,26,6,154,60,1022,448,7122,
Mixed,000619,p=1,v=6,"1^^-2-3 2-4^-5=6",0,26,6,162,60,1070,476,7234,
Mixed,000620,p=1,v=6,"1^=2-3-4-5=6-4",0,26,6,162,80,1142,840,8546,
Mixed,000621,p=1,v=6,"1^^-2^-3-4 3-5=6",0,26,6,170,60,1214,504,9042,
Mixed,000622,p=1,v=6,"1=2-3-4^-6=5-3",0,26,6,178,40,1334,168,10402,
Mixed,000623,p=1,v=6,"1-2-5=6^ 3=4^ 1-3",0,26,-12,166,-120,1130,-980,7878,
Mixed,000624,p=1,v=6,"1^^-2-3 2-4-5=6-4",0,26,12,162,140,1106,1316,7938,
Mixed,000625,p=1,v=6,"1^-2^-5=6 3=4 1-3",0,26,12,166,120,1130,980,7878,
Mixed,000626,p=1,v=6,"1=2-3^-4-5=6-4",0,26,18,162,200,1094,1792,7714,
Mixed,000627,p=1,v=6,"1=2-3-1 3-4-5=6-4",0,26,24,162,280,1154,2632,8962,
Mixed,000628,p=1,v=6,"1-2^-3=4-5=6^",0,28,-6,172,-90,1180,-994,8580,
Mixed,000629,p=1,v=6,"1-2=3-4^-5=6^",0,28,-6,180,-70,1312,-630,10116,
Mixed,000630,p=1,v=6,"1^^-2-3=4-5=6",0,28,6,172,90,1180,994,8580,
Mixed,000631,p=1,v=6,"1^^-2=3-4-5=6",0,28,6,180,70,1312,630,10116,
Mixed,000632,p=1,v=6,"1-2-3=4^ 2-5=6^",0,28,-12,180,-140,1276,-1260,9444,
Mixed,000633,p=1,v=6,"1^^-2-3=4 2-5=6",0,28,12,180,140,1276,1260,9444,
Mixed,000634,p=1,v=6,"1=2-4=6-5=3-1",0,30,0,198,0,1566,0,13446,
Mixed,000635,p=1,v=6,"1^^-2=3-4=5-6",0,30,0,198,0,1470,0,11526,
Mixed,000636,p=1,v=6,"1^=2-3=4-5=6",0,30,0,198,0,1470,0,11526,
Mixed,000637,p=1,v=6,"1^-2^-3-4^ 3-5^-6^",-2,12,-14,48,-82,234,-478,1248,
Mixed,000638,p=1,v=6,"1^-2^-3^-4-5^ 4-6^",-2,12,-14,52,-92,276,-590,1604,
Mixed,000639,p=1,v=6,"1^-2-3^ 2-4-5^-6^-4",-2,14,-8,50,-32,194,-128,770,
Mixed,000640,p=1,v=6,"1^-2^-3-4^-5-3 5-6^",-2,14,-8,54,-32,230,-142,1014,
Mixed,000641,p=1,v=6,"1^-2^-3^-4-5^-6^",-2,14,-14,58,-82,278,-478,1426,
Mixed,000642,p=1,v=6,"1^^-2-3^ 2-4-5^ 4-6^",-2,14,-14,66,-102,374,-730,2306,
Mixed,000643,p=1,v=6,"1^-2^-3^-4^-5-6^",-2,14,-14,66,-102,374,-730,2306,
Mixed,000644,p=1,v=6,"1^-2-3^-5-4^-2 5-6^",-2,14,-14,70,-122,446,-982,3078,
Mixed,000645,p=1,v=6,"1^-2-3^-4^-5-2 5-6^",-2,14,-14,74,-122,482,-1010,3362,
Mixed,000646,p=1,v=6,"1^-2^-3-4-5^-6-4 3-6",-2,16,-2,76,18,412,222,2340,
Mixed,000647,p=1,v=6,"1^-2^-3-4-5^-6^-4",-2,16,-8,60,-22,244,-44,1028,
Mixed,000648,p=1,v=6,"1^-2-3^-4-5^-6^-4",-2,16,-8,60,-42,244,-212,1028,
Mixed,000649,p=1,v=6,"1^-2-3^-6-4-5^-6 2-4",-2,16,-8,76,-42,400,-240,2180,
Mixed,000650,p=1,v=6,"1^-2^-3^-4-5^-6-4",-2,16,-8,76,-42,412,-268,2340,
Mixed,000651,p=1,v=6,"1^^-2-3-4^ 2-5-3 5-6^",-2,16,-8,80,-42,454,-282,2688,
Mixed,000652,p=1,v=6,"1^-2-3-4^-5^-6-2 3-6",-2,16,-8,88,-52,538,-394,3408,
Mixed,000653,p=1,v=6,"1^^-2-3^-4-5^ 4-6^",-2,16,-14,68,-92,328,-562,1700,
Mixed,000654,p=1,v=6,"1^^-2-3-4^ 3-5^-6^",-2,16,-14,72,-82,358,-478,1840,
Mixed,000655,p=1,v=6,"1^-2-3^-5^-6-4^-2",-2,16,-14,72,-92,358,-562,1872,
Mixed,000656,p=1,v=6,"1^-2^-3-4-5^^ 4-6^",-2,16,-14,76,-92,412,-618,2372,
Mixed,000657,p=1,v=6,"1^-2^-3-4^-6-5^-3",-2,16,-14,76,-102,436,-758,2724,
Mixed,000658,p=1,v=6,"1^-2-3^-4-5^^ 4-6^",-2,16,-14,76,-112,436,-842,2756,
Mixed,000659,p=1,v=6,"1^-2-3^-5^-6^-4-2",-2,16,-14,80,-92,442,-618,2560,
Mixed,000660,p=1,v=6,"1^-2^-3-4^^ 3-5-6^",-2,16,-14,80,-102,466,-758,2912,
Mixed,000661,p=1,v=6,"1^-2^-3-4^-6^-5-3",-2,16,-14,84,-102,496,-758,3108,
Mixed,000662,p=1,v=6,"1^^-2^-3-4-5^ 4-6^",-2,16,-14,84,-112,520,-898,3460,
Mixed,000663,p=1,v=6,"1^^-2^-3-4^ 3-5-6^",-2,16,-14,88,-122,574,-1038,4016,
Mixed,000664,p=1,v=6,"1^-2-3-4^-6^-5^-3",-2,16,-14,92,-142,652,-1318,4932,
Mixed,000665,p=1,v=6,"1^-2-3-4^-6-2 3-5^-6",-2,16,-14,100,-142,736,-1374,5700,
Mixed,000666,p=1,v=6,"1^-2^-3-1 3-4-5^-6-4",-2,18,-2,74,18,342,222,1698,
Mixed,000667,p=1,v=6,"1^-2-3-1 2-4-5^-6-4 3-6",-2,18,-2,82,38,426,446,2402,
Mixed,000668,p=1,v=6,"1^^-2-3-4-2 3-5-4 5-6^",-2,18,-2,102,18,666,250,4518,
Mixed,000669,p=1,v=6,"1^-2^-4-5-3-6-4 1-3 5-6",-2,18,-2,102,38,642,502,4230,
Mixed,000670,p=1,v=6,"1-2^-4-5^-6-4 1-3^-6",-2,18,-8,74,-32,330,-128,1538,
Mixed,000671,p=1,v=6,"1^^-2-3-4^-5-3 5-6^",-2,18,-8,78,-32,378,-142,1942,
Mixed,000672,p=1,v=6,"1^-2^-4-5^-6-4 1-3-6",-2,18,-8,82,-32,426,-156,2354,
Mixed,000673,p=1,v=6,"1^-2-3-4^-5-3 5-6^^",-2,18,-8,86,-52,474,-366,2774,
Mixed,000674,p=1,v=6,"1^^-2-3^ 2-4-5^-6-4",-2,18,-8,90,-52,522,-380,3202,
Mixed,000675,p=1,v=6,"1^-2^-3-4-5-3 5-6^^",-2,18,-8,102,-32,618,-114,3830,
Mixed,000676,p=1,v=6,"1^-2-3^-6-4-1 4-5-2 5-6",-2,18,-8,106,-32,666,-128,4290,
Mixed,000677,p=1,v=6,"1^-2^-4-5-6-4 1-3^-6",-2,18,-8,106,-32,666,-128,4290,
Mixed,000678,p=1,v=6,"1^^-2^-3-4-5-3 5-6^",-2,18,-8,110,-52,762,-450,5462,
Mixed,000679,p=1,v=6,"1^-2-4-3-1 2-6-3 4-5^-6",-2,18,-14,130,-142,1026,-1486,8450,
Mixed,000680,p=1,v=6,"1^^-2-3^-4-5^-6^",-2,18,-14,74,-82,342,-478,1698,
Mixed,000681,p=1,v=6,"1^-2^-4^-6-5^-3-1",-2,18,-14,82,-102,450,-758,2754,
Mixed,000682,p=1,v=6,"1^^-2-3^-4^-5-6^",-2,18,-14,82,-102,414,-674,2226,
Mixed,000683,p=1,v=6,"1-2^-4^-6-5^-3^-1",-2,18,-14,82,-102,426,-702,2402,
Mixed,000684,p=1,v=6,"1^^-2-3-4^-5^-6^",-2,18,-14,90,-82,486,-478,2658,
Mixed,000685,p=1,v=6,"1^^-2^-3-4^-5-6^",-2,18,-14,90,-122,534,-982,3490,
Mixed,000686,p=1,v=6,"1^-2-6-4^-3-5^-6 1-3",-2,18,-14,94,-102,570,-786,3686,
Mixed,000687,p=1,v=6,"1^^-2-3-4^-5-2 5-6^",-2,18,-14,98,-102,594,-758,3778,
Mixed,000688,p=1,v=6,"1^^-2^-3-4-5^-6^",-2,18,-14,98,-102,606,-786,3954,
Mixed,000689,p=1,v=6,"1^-2^-3^-4^-5^-6",-2,18,-14,98,-102,606,-786,3954,
Mixed,000690,p=1,v=6,"1^-2^-4^-6-5-3^-1",-2,18,-14,98,-102,618,-814,4130,
Mixed,000691,p=1,v=6,"1^-2^-3=4-5^-6^",-2,18,-14,98,-102,618,-814,4130,
Mixed,000692,p=1,v=6,"1^^-2-3^-4-5-2 5-6^",-2,18,-14,98,-102,618,-814,4130,
Mixed,000693,p=1,v=6,"1^-2^-6-4^-3-5-6 1-3",-2,18,-14,102,-82,594,-478,3462,
Mixed,000694,p=1,v=6,"1^^-2-3^-5-4-2 5-6^",-2,18,-14,102,-102,642,-786,4230,
Mixed,000695,p=1,v=6,"1^-2^-3^-4=5-6^",-2,18,-14,102,-102,642,-786,4230,
Mixed,000696,p=1,v=6,"1^^-2^-3^-4-5-6^",-2,18,-14,106,-122,726,-1094,5282,
Mixed,000697,p=1,v=6,"1^-2^-6-3-4^-5-6 1-3",-2,18,-14,106,-122,726,-1094,5282,
Mixed,000698,p=1,v=6,"1^-2^-3-4^ 3-5=6^",-2,18,-20,98,-162,630,-1290,4386,
Mixed,000699,p=1,v=6,"1^-2-3^ 2-4^-5=6^",-2,18,-20,98,-182,654,-1542,4866,
Mixed,000700,p=1,v=6,"1^^-2^-3-4-5-6-4 3-6",-2,20,-2,132,18,1004,278,7876,
Mixed,000701,p=1,v=6,"1^^-2-3-5-4-2 3-6-4 5-6",-2,20,-2,132,38,980,558,7556,
Mixed,000702,p=1,v=6,"1^^-2-3-4-5^-6-4 3-6",-2,20,-2,100,18,572,278,3460,
Mixed,000703,p=1,v=6,"1^-2^-3^-4-5=6-4",-2,20,-2,116,48,764,670,5316,
Mixed,000704,p=1,v=6,"1^^-2^-3^-4-5-6-4",-2,20,-8,140,-42,1064,-296,8324,
Mixed,000705,p=1,v=6,"1^^-2-3-4-5^-6^-4",-2,20,-8,92,-22,464,-16,2468,
Mixed,000706,p=1,v=6,"1^^-2-3^-4-5^-6-4",-2,20,-8,92,-42,464,-240,2468,
Mixed,000707,p=1,v=6,"1-2^-3^-4-5^-6^-4",-2,20,-8,92,-42,464,-240,2468,
Mixed,000708,p=1,v=6,"1^-2=3-4-5^-6^-4",-2,20,-8,100,-32,560,-128,3300,
Mixed,000709,p=1,v=6,"1^^-2-3-6-4-5^-6 2-4",-2,20,-8,108,-22,668,-44,4356,
Mixed,000710,p=1,v=6,"1^^-2^-3-4-5^-6-4",-2,20,-8,108,-62,680,-520,4548,
Mixed,000711,p=1,v=6,"1^^-2-3-4^-5-6-2 3-6",-2,20,-8,112,-32,686,-86,4320,
Mixed,000712,p=1,v=6,"1^-2^-3^-4^-5=6",-2,20,-8,120,-32,806,-142,5616,
Mixed,000713,p=1,v=6,"1^^-2-3^-6-4-5-6 2-4",-2,20,-8,124,-42,860,-268,6180,
Mixed,000714,p=1,v=6,"1^-2^-3-4^-6=5-3",-2,20,-14,128,-122,938,-1150,7232,
Mixed,000715,p=1,v=6,"1^^-2-3-4^-6-2 3-5-6",-2,20,-14,132,-102,932,-814,6788,
Mixed,000716,p=1,v=6,"1^^-2-3-4^ 3-5-6^^",-2,20,-14,96,-82,506,-478,2752,
Mixed,000717,p=1,v=6,"1^^-2-3-5^-6-4^-2",-2,20,-14,96,-92,530,-646,3168,
Mixed,000718,p=1,v=6,"1^^-2-3-4^-6-5^-3",-2,20,-14,100,-102,548,-702,3140,
Mixed,000719,p=1,v=6,"1^^-2-3-5^-6^-4-2",-2,20,-14,104,-92,590,-590,3440,
Mixed,000720,p=1,v=6,"1^^-2-3^-5-6-4^-2",-2,20,-14,104,-92,638,-702,4208,
Mixed,000721,p=1,v=6,"1^^-2-3-4^^ 3-5-6^",-2,20,-14,104,-102,590,-702,3472,
Mixed,000722,p=1,v=6,"1^-2^-3-4^^ 3-5^-6",-2,20,-14,104,-102,638,-814,4240,
Mixed,000723,p=1,v=6,"1^-2-3^-4-2 4-5=6^",-2,20,-14,104,-112,638,-926,4272,
Mixed,000724,p=1,v=6,"1^^-2-3-4-5^^ 4-6^",-2,20,-14,108,-92,632,-590,3780,
Mixed,000725,p=1,v=6,"1^^-2-3-4^-6^-5-3",-2,20,-14,108,-102,632,-702,3812,
Mixed,000726,p=1,v=6,"1-2^-3^-4-5^^ 4-6^",-2,20,-14,108,-112,656,-870,4228,
Mixed,000727,p=1,v=6,"1^^-2-3^-5^-6-4-2",-2,20,-14,112,-92,698,-646,4512,
Mixed,000728,p=1,v=6,"1^-2-3^-5=6-4^-2",-2,20,-14,112,-102,674,-702,4160,
Mixed,000729,p=1,v=6,"1^^-2^-3-4^ 3-5^-6",-2,20,-14,112,-122,722,-1038,4992,
Mixed,000730,p=1,v=6,"1-2^-3-4^-6^-5^-3",-2,20,-14,116,-142,812,-1374,6180,
Mixed,000731,p=1,v=6,"1^-2-3^-4^-6=5-2",-2,20,-14,116,-92,716,-590,4484,
Mixed,000732,p=1,v=6,"1^-2^-3^-4-5^^ 4-6",-2,20,-14,116,-92,740,-646,4868,
Mixed,000733,p=1,v=6,"1^^-2-3^ 2-4=5-6^",-2,20,-14,116,-102,740,-758,4900,
Mixed,000734,p=1,v=6,"1^^-2^-3-4-6^-5-3",-2,20,-14,116,-102,764,-814,5284,
Mixed,000735,p=1,v=6,"1^-2-3-4-5^^ 4-6^^",-2,20,-14,116,-112,764,-926,5316,
Mixed,000736,p=1,v=6,"1^-2-3^ 2-4=5-6^^",-2,20,-14,116,-122,788,-1094,5732,
Mixed,000737,p=1,v=6,"1-2-3^-5^-6^-4^-2",-2,20,-14,120,-92,758,-590,4848,
Mixed,000738,p=1,v=6,"1^^-2^-3-4 3-5^-6^",-2,20,-14,120,-102,806,-814,5648,
Mixed,000739,p=1,v=6,"1^^-2^-3-4^-6-5-3",-2,20,-14,124,-102,848,-814,6020,
Mixed,000740,p=1,v=6,"1^^-2^-3^-4-5^ 4-6",-2,20,-14,124,-112,872,-982,6436,
Mixed,000741,p=1,v=6,"1^-2^-3-4^-5=6^",-2,20,-20,104,-172,662,-1430,4720,
Mixed,000742,p=1,v=6,"1^-2^-3^-4-5=6^",-2,20,-20,112,-152,698,-1122,4512,
Mixed,000743,p=1,v=6,"1^-2-3^-4^-5=6^",-2,20,-20,112,-192,746,-1682,5536,
Mixed,000744,p=1,v=6,"1^^-2-3^ 2-4-5=6-4",-2,22,-2,130,38,886,586,6402,
Mixed,000745,p=1,v=6,"1^-2^-3-1 3-4^-5=6",-2,22,-2,114,28,670,404,4226,
Mixed,000746,p=1,v=6,"1^-2^-3-1 3-4-5=6-4",-2,22,4,114,108,706,1188,4930,
Mixed,000747,p=1,v=6,"1^-2^-3-4^^ 3-5=6",-2,22,-8,130,-22,886,-30,6386,
Mixed,000748,p=1,v=6,"1^^-2-3^ 2-4^-5=6",-2,22,-8,130,-42,862,-226,5970,
Mixed,000749,p=1,v=6,"1^^-2^-3-4^ 3-5=6",-2,22,-8,138,-42,982,-254,7298,
Mixed,000750,p=1,v=6,"1^-2^-4-3^-1 4-5=6",-2,22,-8,142,-62,1066,-576,8390,
Mixed,000751,p=1,v=6,"1^^-2-3^^ 2-4-5-6-4",-2,22,-8,146,-32,1090,-128,8450,
Mixed,000752,p=1,v=6,"1-2^-3-4^-5-3 5-6^^",-2,22,-8,110,-52,598,-366,3414,
Mixed,000753,p=1,v=6,"1^^-2-3 2-4-5^-6^-4",-2,22,-8,114,-32,658,-128,4034,
Mixed,000754,p=1,v=6,"1^-2-3^-5=6-4-1 2-4",-2,22,-8,118,-32,718,-142,4662,
Mixed,000755,p=1,v=6,"1^^-2-3-4-5-3 5-6^^",-2,22,-8,126,-32,790,-58,5110,
Mixed,000756,p=1,v=6,"1^^-2^-3-4^-5-3 5-6",-2,22,-8,126,-52,838,-422,5942,
Mixed,000757,p=1,v=6,"1^=2-3-4-5^-6-4 3-6",-2,22,-8,126,-62,826,-520,5734,
Mixed,000758,p=1,v=6,"1^^-2^-3-4-5-6^^",-2,22,-14,130,-102,838,-730,5570,
Mixed,000759,p=1,v=6,"1^^-2-3^ 2-4-5^^ 4-6",-2,22,-14,130,-102,838,-730,5570,
Mixed,000760,p=1,v=6,"1^^-2-3^^ 2-4-5^ 4-6",-2,22,-14,130,-102,886,-842,6402,
Mixed,000761,p=1,v=6,"1^-2^-4-6=5-3^-1",-2,22,-14,130,-102,886,-842,6402,
Mixed,000762,p=1,v=6,"1^^-2-3-5-4-2 5-6^^",-2,22,-14,134,-82,886,-478,5958,
Mixed,000763,p=1,v=6,"1^-2-3^-4-1 2-5=6-4",-2,22,-14,134,-82,886,-478,5958,
Mixed,000764,p=1,v=6,"1^^-2^-3-4=5-6^",-2,22,-14,134,-102,886,-730,6022,
Mixed,000765,p=1,v=6,"1^^-2-3^-5-4^-2 5-6",-2,22,-14,134,-122,934,-1094,6918,
Mixed,000766,p=1,v=6,"1^^-2-3-4-5-2 5-6^^",-2,22,-14,138,-82,946,-506,6626,
Mixed,000767,p=1,v=6,"1^^-2^-3=4-5-6^",-2,22,-14,138,-122,970,-1066,7170,
Mixed,000768,p=1,v=6,"1^^-2-3^-4^-5-2 5-6",-2,22,-14,138,-122,970,-1066,7170,
Mixed,000769,p=1,v=6,"1^^-2^-3^-4^-5-6",-2,22,-14,146,-102,1078,-842,8258,
Mixed,000770,p=1,v=6,"1^^-2-3-4^ 2-5=6-3",-2,22,-14,146,-102,1078,-842,8258,
Mixed,000771,p=1,v=6,"1^-2^-4-3-1 3-5=6-4",-2,22,-14,154,-122,1210,-1178,9922,
Mixed,000772,p=1,v=6,"1^^-2-3^-4-5-6^^",-2,22,-14,106,-82,550,-478,2962,
Mixed,000773,p=1,v=6,"1^-2^-3-1 3-4-5=6^",-2,22,-14,114,-92,670,-660,4226,
Mixed,000774,p=1,v=6,"1^^-2-3^-4^-5^-6",-2,22,-14,114,-102,646,-730,3842,
Mixed,000775,p=1,v=6,"1^^-2-3^-4=5-6^",-2,22,-14,118,-102,694,-730,4262,
Mixed,000776,p=1,v=6,"1^-2-3-1 3-4^-5=6^",-2,22,-14,122,-132,790,-1220,5618,
Mixed,000777,p=1,v=6,"1^^-2-3=4-5^-6^",-2,22,-14,122,-82,754,-506,4834,
Mixed,000778,p=1,v=6,"1^^-2^-3^-4-5^-6",-2,22,-14,122,-122,790,-1094,5586,
Mixed,000779,p=1,v=6,"1^-2-4^-6=5-3^-1",-2,22,-14,122,-122,790,-1094,5586,
Mixed,000780,p=1,v=6,"1^^-2^-3-4^-5^-6",-2,22,-14,122,-122,742,-982,4754,
Mixed,000781,p=1,v=6,"1^-2-3^-4=5-6^^",-2,22,-14,126,-142,838,-1346,6086,
Mixed,000782,p=1,v=6,"1^-2^-3-4=5-6^^",-2,22,-14,126,-102,838,-842,5958,
Mixed,000783,p=1,v=6,"1^^-2-3^ 2-4-5=6^",-2,22,-20,130,-162,838,-1234,5554,
Mixed,000784,p=1,v=6,"1^-2-3-4^^ 3-5=6^",-2,22,-20,130,-182,862,-1542,6098,
Mixed,000785,p=1,v=6,"1^-2^-4-3-1 4-5=6^",-2,22,-20,134,-182,898,-1528,6342,
Mixed,000786,p=1,v=6,"1^^-2-3-4^ 3-5=6^",-2,22,-20,122,-162,766,-1262,5090,
Mixed,000787,p=1,v=6,"1-2^-4-3^-1 4-5=6^",-2,22,-20,126,-182,826,-1556,5862,
Mixed,000788,p=1,v=6,"1^^-2-3^-4-5=6-4",-2,24,-2,132,48,816,698,5476,
Mixed,000789,p=1,v=6,"1^^-2-3^-4-2 4-5=6",-2,24,-2,136,28,870,446,5936,
Mixed,000790,p=1,v=6,"1^^-2^-3-4-5=6-4",-2,24,-2,148,28,1056,474,8004,
Mixed,000791,p=1,v=6,"1^^-2-3^-4^-5=6",-2,24,-8,136,-32,846,-86,5520,
Mixed,000792,p=1,v=6,"1^^-2=3-4-5^-6-4",-2,24,-8,140,-72,936,-716,6724,
Mixed,000793,p=1,v=6,"1^^-2-3-4^^ 2-5-3 5-6",-2,24,-8,144,-42,942,-170,6368,
Mixed,000794,p=1,v=6,"1^^-2^-3-4^-5=6",-2,24,-8,144,-52,954,-338,6592,
Mixed,000795,p=1,v=6,"1^^-2^-3^-4-5=6",-2,24,-8,152,-32,1110,-142,8592,
Mixed,000796,p=1,v=6,"1^^-2-3-4-2 3-5=6-4",-2,24,-8,160,-22,1158,166,8608,
Mixed,000797,p=1,v=6,"1^^-2-3-4^^ 3-5^-6",-2,24,-14,128,-102,738,-758,4480,
Mixed,000798,p=1,v=6,"1^^-2-3^-4-5^^ 4-6",-2,24,-14,132,-92,792,-618,4964,
Mixed,000799,p=1,v=6,"1-2^-3-4-5^^ 4-6^^",-2,24,-14,132,-112,816,-954,5476,
Mixed,000800,p=1,v=6,"1^^-2-3^-4-6=5-2",-2,24,-14,140,-72,924,-394,6404,
Mixed,000801,p=1,v=6,"1^^-2-3-4^-6=5-2",-2,24,-14,140,-92,900,-618,6020,
Mixed,000802,p=1,v=6,"1^^-2-3^-5=6-4-2",-2,24,-14,144,-82,954,-478,6528,
Mixed,000803,p=1,v=6,"1^^-2^-3-4 3-5-6^^",-2,24,-14,144,-102,954,-758,6592,
Mixed,000804,p=1,v=6,"1-2-3^-4-5^^ 4-6^^",-2,24,-14,148,-92,1056,-730,8004,
Mixed,000805,p=1,v=6,"1^^-2^-3-4-5^^ 4-6",-2,24,-14,148,-112,984,-842,6724,
Mixed,000806,p=1,v=6,"1^^-2-3-4-2 4-5=6^",-2,24,-14,152,-112,1038,-842,7280,
Mixed,000807,p=1,v=6,"1^^-2-3-4^-6=5-3",-2,24,-14,152,-122,1062,-1038,7760,
Mixed,000808,p=1,v=6,"1^^-2^-3-4^^ 3-5-6",-2,24,-14,160,-102,1170,-758,8832,
Mixed,000809,p=1,v=6,"1^^-2^-3-4-6=5-3",-2,24,-14,168,-82,1278,-478,9936,
Mixed,000810,p=1,v=6,"1^^-2-3^-4-5=6^",-2,24,-20,128,-152,762,-1122,4800,
Mixed,000811,p=1,v=6,"1^^-2-3-4^-5=6^",-2,24,-20,136,-172,870,-1430,5968,
Mixed,000812,p=1,v=6,"1-2^-3^-4^-5=6^",-2,24,-20,144,-192,978,-1738,7168,
Mixed,000813,p=1,v=6,"1^-2^-3=4-5=6^",-2,24,-20,148,-172,1044,-1500,7812,
Mixed,000814,p=1,v=6,"1^-2=3-4^-5=6^",-2,24,-20,148,-192,1020,-1724,7492,
Mixed,000815,p=1,v=6,"1^^-2^-3-4-5=6^",-2,24,-20,152,-172,1038,-1374,7248,
Mixed,000816,p=1,v=6,"1^-2-3=4^ 2-5=6^",-2,24,-26,148,-242,1032,-2074,7588,
Mixed,000817,p=1,v=6,"1^^-2-3-4^^ 3-5=6",-2,26,-8,154,-22,998,54,6834,
Mixed,000818,p=1,v=6,"1^^-2-3^^ 2-4-5=6",-2,26,-8,162,-22,1142,26,8610,
Mixed,000819,p=1,v=6,"1^=2-3^-4-5=6-4",-2,26,-8,162,-42,1142,-282,8610,
Mixed,000820,p=1,v=6,"1^^-2-3=4-5-6^^",-2,26,-14,146,-62,890,-198,5666,
Mixed,000821,p=1,v=6,"1-2^-3^-4=5-6^^",-2,26,-14,158,-142,1058,-1402,7590,
Mixed,000822,p=1,v=6,"1^^-2-3-4=5-6^^",-2,26,-14,158,-102,1058,-786,7462,
Mixed,000823,p=1,v=6,"1^-2=4-5^-6=3-1",-2,26,-14,162,-142,1154,-1486,8962,
Mixed,000824,p=1,v=6,"1^^-2^-3=4-5^-6",-2,26,-14,162,-142,1106,-1374,8002,
Mixed,000825,p=1,v=6,"1^-2^-4=6-5=3-1",-2,26,-14,166,-122,1226,-1206,9798,
Mixed,000826,p=1,v=6,"1^^-2=3-4=5-6^",-2,26,-14,166,-122,1178,-1094,8838,
Mixed,000827,p=1,v=6,"1^-2^-5=6 3=4^ 1-3",-2,26,-14,166,-122,1178,-1094,8838,
Mixed,000828,p=1,v=6,"1^^-2^-3^-4=5-6",-2,26,-14,174,-102,1298,-786,10118,
Mixed,000829,p=1,v=6,"1-2^-3-4^^ 3-5=6^",-2,26,-20,154,-182,1022,-1626,7314,
Mixed,000830,p=1,v=6,"1^^-2-3 2-4^-5=6^",-2,26,-20,162,-182,1118,-1598,8130,
Mixed,000831,p=1,v=6,"1^^-2^-3-4 3-5=6^",-2,26,-20,170,-182,1214,-1570,8978,
Mixed,000832,p=1,v=6,"1^=2-3-4^-6=5-3",-2,26,-20,178,-202,1334,-1906,10466,
Mixed,000833,p=1,v=6,"1^-2-5=6^ 3=4^ 1-3",-2,26,-26,158,-242,1082,-2074,7814,
Mixed,000834,p=1,v=6,"1^^-2=3-4-5=6-4",-2,28,-2,180,18,1300,278,10020,
Mixed,000835,p=1,v=6,"1^^-2=3-4^-5=6",-2,28,-8,180,-72,1264,-744,9348,
Mixed,000836,p=1,v=6,"1^^-2^-3=4-5=6",-2,28,-8,188,-52,1396,-380,10916,
Mixed,000837,p=1,v=6,"1^^-2-3=5-6=4-2",-2,28,-14,180,-62,1276,-142,9444,
Mixed,000838,p=1,v=6,"1^^-2-3^^ 2-4=5-6",-2,28,-14,180,-82,1300,-534,10020,
Mixed,000839,p=1,v=6,"1^^-2-3=4^ 2-5=6",-2,28,-14,180,-102,1276,-814,9572,
Mixed,000840,p=1,v=6,"1^^-2-3 2-4=5-6^^",-2,28,-14,180,-122,1252,-1094,9124,
Mixed,000841,p=1,v=6,"1^^-2-3=4-5=6^",-2,28,-20,172,-152,1180,-1192,8580,
Mixed,000842,p=1,v=6,"1^^-2=3-4-5=6^",-2,28,-20,180,-172,1264,-1444,9220,
Mixed,000843,p=1,v=6,"1^=2-3=4-5=6^",-2,30,-26,198,-242,1470,-2186,11526,
Mixed,000844,p=1,v=6,"1^-2-3-4^ 3-5-6^",2,12,14,48,82,234,478,1248,
Mixed,000845,p=1,v=6,"1^-2-3-4-5^ 4-6^",2,12,14,52,92,276,590,1604,
Mixed,000846,p=1,v=6,"1^-2-3^-4-5-6^",2,14,14,58,82,278,478,1426,
Mixed,000847,p=1,v=6,"1^-2-3^ 2-4-5^ 4-6",2,14,14,66,102,374,730,2306,
Mixed,000848,p=1,v=6,"1^-2^-3-4-5-6^",2,14,14,66,102,374,730,2306,
Mixed,000849,p=1,v=6,"1^-2-3-5-4-2 5-6^",2,14,14,70,122,446,982,3078,
Mixed,000850,p=1,v=6,"1^-2-3-4-5-2 5-6^",2,14,14,74,122,482,1010,3362,
Mixed,000851,p=1,v=6,"1^-2-3-4-5-3 5-6^",2,14,20,70,152,446,1122,3126,
Mixed,000852,p=1,v=6,"1^-2-3^ 2-4-5-6-4",2,14,20,82,172,578,1444,4418,
Mixed,000853,p=1,v=6,"1-2^-3-4-5^ 4-6^",2,16,14,68,92,328,562,1700,
Mixed,000854,p=1,v=6,"1^-2-3-4^ 3-5^-6",2,16,14,72,82,358,478,1840,
Mixed,000855,p=1,v=6,"1^-2-3-5^-6-4-2",2,16,14,72,112,406,842,2576,
Mixed,000856,p=1,v=6,"1^-2-3^-4-5^ 4-6",2,16,14,76,92,412,618,2372,
Mixed,000857,p=1,v=6,"1^-2-3-4-6^-5-3",2,16,14,76,102,436,758,2724,
Mixed,000858,p=1,v=6,"1^-2^-3-4-5^ 4-6",2,16,14,76,112,436,842,2756,
Mixed,000859,p=1,v=6,"1^-2^-3-4 3-5-6^",2,16,14,80,102,466,758,2912,
Mixed,000860,p=1,v=6,"1^-2-3^-5-6-4-2",2,16,14,80,112,490,898,3264,
Mixed,000861,p=1,v=6,"1^-2-3-4^-6-5-3",2,16,14,84,102,496,758,3108,
Mixed,000862,p=1,v=6,"1-2-3^-4-5^ 4-6^",2,16,14,84,112,520,898,3460,
Mixed,000863,p=1,v=6,"1^-2^-3-4^ 3-5-6",2,16,14,88,122,574,1038,4016,
Mixed,000864,p=1,v=6,"1^-2^-3-4-6-5-3",2,16,14,92,142,652,1318,4932,
Mixed,000865,p=1,v=6,"1^-2-3-4-6-2 3-5-6",2,16,14,100,142,736,1374,5700,
Mixed,000866,p=1,v=6,"1^-2-3-4-5^-6-4",2,16,20,76,142,436,968,2724,
Mixed,000867,p=1,v=6,"1^-2-3-4^ 2-5-3 5-6",2,16,20,80,162,502,1234,3520,
Mixed,000868,p=1,v=6,"1^-2-3-4-5-6-2 3-6",2,16,20,88,192,634,1682,5072,
Mixed,000869,p=1,v=6,"1^-2-3^-4-5-6-4",2,16,20,92,162,604,1304,4292,
Mixed,000870,p=1,v=6,"1^-2^-3-4-5-6-4",2,16,20,92,182,652,1584,5060,
Mixed,000871,p=1,v=6,"1^-2-3-6-4-5-6 2-4",2,16,20,92,182,664,1612,5220,
Mixed,000872,p=1,v=6,"1^-2-3-4-5-6-4 3-6",2,16,26,92,222,676,1850,5444,
Mixed,000873,p=1,v=6,"1-2-4-3-1 2-6-3 4-5-6",2,18,14,130,142,1026,1486,8450,
Mixed,000874,p=1,v=6,"1^-2-3^-4-5^-6",2,18,14,74,82,342,478,1698,
Mixed,000875,p=1,v=6,"1-2^-4-6-5-3^-1",2,18,14,82,102,450,758,2754,
Mixed,000876,p=1,v=6,"1^-2^-3-4-5^-6",2,18,14,82,102,414,674,2226,
Mixed,000877,p=1,v=6,"1-2-4^-6-5-3^-1",2,18,14,82,102,426,702,2402,
Mixed,000878,p=1,v=6,"1^-2-3-4^-5^-6",2,18,14,90,82,486,478,2658,
Mixed,000879,p=1,v=6,"1^-2^-3-4^-5-6",2,18,14,90,122,534,982,3490,
Mixed,000880,p=1,v=6,"1^-2-6-4-3-5-6 1-3",2,18,14,94,142,618,1290,4518,
Mixed,000881,p=1,v=6,"1^-2-3-4^-5-2 5-6",2,18,14,98,102,594,758,3778,
Mixed,000882,p=1,v=6,"1^^-2-3-4-5-6^",2,18,14,98,102,606,786,3954,
Mixed,000883,p=1,v=6,"1^-2-3^-4^-5-6",2,18,14,98,102,606,786,3954,
Mixed,000884,p=1,v=6,"1^-2-3=4-5-6^",2,18,14,98,102,618,814,4130,
Mixed,000885,p=1,v=6,"1^-2^-4-6-5-3-1",2,18,14,98,102,618,814,4130,
Mixed,000886,p=1,v=6,"1^-2-3^-4-5-2 5-6",2,18,14,98,102,618,814,4130,
Mixed,000887,p=1,v=6,"1^-2-3-4=5-6^",2,18,14,102,102,642,786,4230,
Mixed,000888,p=1,v=6,"1^-2-3^-5-4-2 5-6",2,18,14,102,102,642,786,4230,
Mixed,000889,p=1,v=6,"1-2-6-4^-3-5-6 1-3",2,18,14,102,122,690,1094,4998,
Mixed,000890,p=1,v=6,"1^-2^-3^-4-5-6",2,18,14,106,122,726,1094,5282,
Mixed,000891,p=1,v=6,"1^-2-6-3-4-5-6 1-3",2,18,14,106,122,726,1094,5282,
Mixed,000892,p=1,v=6,"1^-2-3-4^-5-3 5-6",2,18,20,86,152,498,1094,3190,
Mixed,000893,p=1,v=6,"1^-2-3 2-4-5^-6-4",2,18,20,90,152,522,1080,3266,
Mixed,000894,p=1,v=6,"1-2-4-5^-6-4 1-3-6",2,18,20,90,172,594,1444,4450,
Mixed,000895,p=1,v=6,"1^-2-4-5-6-4 1-3-6",2,18,20,90,172,594,1444,4450,
Mixed,000896,p=1,v=6,"1-2^-3-4-5-3 5-6^",2,18,20,94,152,546,1066,3350,
Mixed,000897,p=1,v=6,"1-2-3-4^-5-3 5-6^",2,18,20,94,172,594,1374,4182,
Mixed,000898,p=1,v=6,"1^-2-3-4^ 3-5=6",2,18,20,98,162,630,1290,4386,
Mixed,000899,p=1,v=6,"1-2^-4-5-6-4 1-3-6",2,18,20,98,172,642,1416,4626,
Mixed,000900,p=1,v=6,"1^-2-3^ 2-4-5=6",2,18,20,98,182,654,1542,4866,
Mixed,000901,p=1,v=6,"1^-2^-3-4-5-3 5-6",2,18,20,102,172,690,1458,5078,
Mixed,000902,p=1,v=6,"1-2-3-6-4-1 4-5-2 5-6",2,18,20,106,212,810,2060,6850,
Mixed,000903,p=1,v=6,"1^-2-3-4-2 3-5-4 5-6",2,18,26,102,222,714,1822,5478,
Mixed,000904,p=1,v=6,"1-2-4-5-3-6-4 1-3 5-6",2,18,26,102,242,786,2186,6726,
Mixed,000905,p=1,v=6,"1^-2-3-1 3-4-5-6-4",2,18,26,106,222,726,1794,5410,
Mixed,000906,p=1,v=6,"1-2-3-1 2-4-5-6-4 3-6",2,18,26,114,242,858,2186,7074,
Mixed,000907,p=1,v=6,"1^-2-3-4-5=6^",2,20,8,120,32,806,142,5616,
Mixed,000908,p=1,v=6,"1^-2-3-4-6=5-3",2,20,14,128,122,938,1150,7232,
Mixed,000909,p=1,v=6,"1-2-3-4^-6-2 3-5-6",2,20,14,132,102,932,814,6788,
Mixed,000910,p=1,v=6,"1-2^-3-4^ 3-5^-6",2,20,14,96,82,506,478,2752,
Mixed,000911,p=1,v=6,"1-2-3-5^-6-4^-2",2,20,14,96,112,530,870,3232,
Mixed,000912,p=1,v=6,"1-2^-3-4-6^-5-3",2,20,14,100,102,548,702,3140,
Mixed,000913,p=1,v=6,"1^-2^-3-4 3-5^-6",2,20,14,104,102,590,702,3472,
Mixed,000914,p=1,v=6,"1^^-2-3-4 3-5-6^",2,20,14,104,102,638,814,4240,
Mixed,000915,p=1,v=6,"1-2-3^-5-6-4^-2",2,20,14,104,112,590,814,3504,
Mixed,000916,p=1,v=6,"1-2-3-5^-6^-4-2",2,20,14,104,112,638,926,4272,
Mixed,000917,p=1,v=6,"1-2^-3^-4-5^ 4-6",2,20,14,108,92,632,590,3780,
Mixed,000918,p=1,v=6,"1-2^-3-4^-6-5-3",2,20,14,108,102,632,702,3812,
Mixed,000919,p=1,v=6,"1^^-2-3-4-5^ 4-6",2,20,14,108,112,656,870,4228,
Mixed,000920,p=1,v=6,"1^-2-3-5=6-4-2",2,20,14,112,142,770,1374,5824,
Mixed,000921,p=1,v=6,"1-2-3^-5^-6-4-2",2,20,14,112,112,698,870,4576,
Mixed,000922,p=1,v=6,"1^^-2-3-4^ 3-5-6",2,20,14,112,122,722,1038,4992,
Mixed,000923,p=1,v=6,"1^-2-3-4-6=5-2",2,20,14,116,132,812,1262,6148,
Mixed,000924,p=1,v=6,"1^^-2-3-4-6-5-3",2,20,14,116,142,812,1374,6180,
Mixed,000925,p=1,v=6,"1^-2-3-4-5^^ 4-6",2,20,14,116,92,740,646,4868,
Mixed,000926,p=1,v=6,"1^-2-3 2-4=5-6^",2,20,14,116,102,740,758,4900,
Mixed,000927,p=1,v=6,"1-2-3-4^-6-5^-3",2,20,14,116,102,764,814,5284,
Mixed,000928,p=1,v=6,"1^-2^-3^-4-5 4-6",2,20,14,116,112,764,926,5316,
Mixed,000929,p=1,v=6,"1^-2-3^ 2-4=5-6",2,20,14,116,122,788,1094,5732,
Mixed,000930,p=1,v=6,"1^-2-3-4^^ 3-5-6",2,20,14,120,102,806,814,5648,
Mixed,000931,p=1,v=6,"1^^-2-3-5-6-4-2",2,20,14,120,112,854,1038,6448,
Mixed,000932,p=1,v=6,"1-2-3-4^-6^-5-3",2,20,14,124,102,848,814,6020,
Mixed,000933,p=1,v=6,"1-2-3-4-5^^ 4-6^",2,20,14,124,112,872,982,6436,
Mixed,000934,p=1,v=6,"1^-2=3-4-5-6-4",2,20,20,132,172,944,1500,7076,
Mixed,000935,p=1,v=6,"1-2^-3-4-5^-6-4",2,20,20,92,142,488,940,2788,
Mixed,000936,p=1,v=6,"1^-2-3^-4-5=6",2,20,20,104,172,662,1430,4720,
Mixed,000937,p=1,v=6,"1-2-3^-4-5^-6-4",2,20,20,108,162,656,1220,4228,
Mixed,000938,p=1,v=6,"1-2-3-4-5^-6^-4",2,20,20,108,182,704,1556,5124,
Mixed,000939,p=1,v=6,"1-2-3-6-4-5^-6 2-4",2,20,20,108,182,692,1528,4932,
Mixed,000940,p=1,v=6,"1^-2^-3-4-5=6",2,20,20,112,192,746,1682,5536,
Mixed,000941,p=1,v=6,"1^-2-3-4^-5=6",2,20,20,112,152,698,1122,4512,
Mixed,000942,p=1,v=6,"1-2-3-4^-5-6-2 3-6",2,20,20,112,172,734,1430,5216,
Mixed,000943,p=1,v=6,"1-2-3^-6-4-5-6 2-4",2,20,20,124,162,836,1304,5860,
Mixed,000944,p=1,v=6,"1-2^-3^-4-5-6-4",2,20,20,124,162,824,1276,5668,
Mixed,000945,p=1,v=6,"1^^-2-3-4-5-6-4",2,20,20,124,182,872,1612,6564,
Mixed,000946,p=1,v=6,"1-2-3-5-4-2 3-6-4 5-6",2,20,26,132,242,980,2186,7812,
Mixed,000947,p=1,v=6,"1-2-3-4-5^-6-4 3-6",2,20,26,116,222,788,1794,5732,
Mixed,000948,p=1,v=6,"1-2^-3-4-5-6-4 3-6",2,20,26,116,222,788,1794,5732,
Mixed,000949,p=1,v=6,"1^-2-3-4-5=6-4",2,20,26,116,232,812,1962,6212,
Mixed,000950,p=1,v=6,"1^-2-3-4-2 4-5=6",2,20,26,120,232,830,1934,6192,
Mixed,000951,p=1,v=6,"1^-2-3-4 3-5=6^",2,22,8,130,22,886,30,6386,
Mixed,000952,p=1,v=6,"1^-2-3 2-4-5=6^",2,22,8,130,42,862,226,5970,
Mixed,000953,p=1,v=6,"1-2-3-4^ 3-5=6^",2,22,8,138,42,982,254,7298,
Mixed,000954,p=1,v=6,"1-2-4-3-1 4-5=6^",2,22,8,142,62,1066,576,8390,
Mixed,000955,p=1,v=6,"1^^-2-3 2-4-5^ 4-6",2,22,14,130,102,838,730,5570,
Mixed,000956,p=1,v=6,"1-2^-3^-4^-5-6",2,22,14,130,102,838,730,5570,
Mixed,000957,p=1,v=6,"1^^-2-3^ 2-4-5 4-6",2,22,14,130,102,886,842,6402,
Mixed,000958,p=1,v=6,"1-2-4-6=5-3^-1",2,22,14,130,102,886,842,6402,
Mixed,000959,p=1,v=6,"1-2-3^-5-4^-2 5-6",2,22,14,134,82,886,478,5958,
Mixed,000960,p=1,v=6,"1-2-3-4-1 2-5=6-4",2,22,14,134,162,982,1710,7878,
Mixed,000961,p=1,v=6,"1-2-3^-4=5-6^",2,22,14,134,102,886,730,6022,
Mixed,000962,p=1,v=6,"1^^-2-3-5-4-2 5-6",2,22,14,134,122,934,1094,6918,
Mixed,000963,p=1,v=6,"1-2-3^-4^-5-2 5-6",2,22,14,138,82,946,506,6626,
Mixed,000964,p=1,v=6,"1^^-2-3-4-5-2 5-6",2,22,14,138,122,970,1066,7170,
Mixed,000965,p=1,v=6,"1^-2^-3=4-5-6",2,22,14,138,122,970,1066,7170,
Mixed,000966,p=1,v=6,"1^-2-3-4 2-5=6-3",2,22,14,146,102,1078,842,8258,
Mixed,000967,p=1,v=6,"1^^-2^-3-4-5-6",2,22,14,146,102,1078,842,8258,
Mixed,000968,p=1,v=6,"1-2-3-1 3-4-5=6^",2,22,14,146,112,1078,968,8290,
Mixed,000969,p=1,v=6,"1-2-4-3-1 3-5=6-4",2,22,14,154,122,1210,1178,9922,
Mixed,000970,p=1,v=6,"1-2^-3^-4-5^-6",2,22,14,106,82,550,478,2962,
Mixed,000971,p=1,v=6,"1^^-2-3-4-5^-6",2,22,14,114,102,646,730,3842,
Mixed,000972,p=1,v=6,"1-2^-3-4=5-6^",2,22,14,118,102,694,730,4262,
Mixed,000973,p=1,v=6,"1^-2-3=4-5^-6",2,22,14,122,82,754,506,4834,
Mixed,000974,p=1,v=6,"1^^-2-3^-4-5-6",2,22,14,122,122,790,1094,5586,
Mixed,000975,p=1,v=6,"1^-2-4-6=5-3-1",2,22,14,122,122,790,1094,5586,
Mixed,000976,p=1,v=6,"1^^-2-3-4^-5-6",2,22,14,122,122,742,982,4754,
Mixed,000977,p=1,v=6,"1^-2^-3-4=5-6",2,22,14,126,142,838,1346,6086,
Mixed,000978,p=1,v=6,"1^-2-3^-4=5-6",2,22,14,126,102,838,842,5958,
Mixed,000979,p=1,v=6,"1^-2-3 2-4^-5=6",2,22,20,130,162,838,1234,5554,
Mixed,000980,p=1,v=6,"1^-2^-3-4 3-5=6",2,22,20,130,182,862,1542,6098,
Mixed,000981,p=1,v=6,"1-2-3-5=6-4-1 2-4",2,22,20,134,192,982,1850,7862,
Mixed,000982,p=1,v=6,"1-2^-4-3-1 4-5=6",2,22,20,134,182,898,1528,6342,
Mixed,000983,p=1,v=6,"1-2-3-4-5-3 5-6^^",2,22,20,142,172,1006,1458,7414,
Mixed,000984,p=1,v=6,"1^^-2-3 2-4-5-6-4",2,22,20,146,172,1042,1444,7682,
Mixed,000985,p=1,v=6,"1-2^-3-4^-5-3 5-6",2,22,20,110,152,622,1094,3766,
Mixed,000986,p=1,v=6,"1-2-3 2-4-5^-6^-4",2,22,20,114,172,706,1444,4930,
Mixed,000987,p=1,v=6,"1-2^-3-4^ 3-5=6",2,22,20,122,162,766,1262,5090,
Mixed,000988,p=1,v=6,"1^^-2-3-4-5-3 5-6",2,22,20,126,172,862,1514,6422,
Mixed,000989,p=1,v=6,"1^-2-4-3-1 4-5=6",2,22,20,126,182,826,1556,5862,
Mixed,000990,p=1,v=6,"1^-2-3 2-4-5=6-4",2,22,26,130,242,886,2046,6530,
Mixed,000991,p=1,v=6,"1-2-3-1 3-4^-5=6",2,22,26,146,232,1030,1920,7458,
Mixed,000992,p=1,v=6,"1^-2-3-1 3-4-5=6",2,22,26,122,232,814,1920,5970,
Mixed,000993,p=1,v=6,"1=2-3-4-5-6-4 3-6",2,22,32,142,302,1066,2648,8518,
Mixed,000994,p=1,v=6,"1-2-3-1 3-4-5=6-4",2,22,32,146,312,1090,2760,8706,
Mixed,000995,p=1,v=6,"1-2^-3-4-5=6^",2,24,8,136,32,846,86,5520,
Mixed,000996,p=1,v=6,"1-2-3^-4-5=6^",2,24,8,144,52,954,338,6592,
Mixed,000997,p=1,v=6,"1-2-3-4^-5=6^",2,24,8,152,32,1110,142,8592,
Mixed,000998,p=1,v=6,"1^^-2-3-4 3-5^-6",2,24,14,128,102,738,758,4480,
Mixed,000999,p=1,v=6,"1-2^-3-4-5^^ 4-6",2,24,14,132,92,792,618,4964,
Mixed,001000,p=1,v=6,"1^^-2-3^-4-5 4-6",2,24,14,132,112,816,954,5476,
Mixed,001001,p=1,v=6,"1-2-3^-4-6=5-2",2,24,14,140,132,900,1178,6148,
Mixed,001002,p=1,v=6,"1-2-3-4^-6=5-2",2,24,14,140,112,924,954,6532,
Mixed,001003,p=1,v=6,"1-2^-3-4^^ 3-5-6",2,24,14,144,102,954,758,6592,
Mixed,001004,p=1,v=6,"1-2-3^-5=6-4-2",2,24,14,144,122,954,1038,6656,
Mixed,001005,p=1,v=6,"1^^-2^-3-4-5 4-6",2,24,14,148,92,1056,730,8004,
Mixed,001006,p=1,v=6,"1-2-3^-4-5^^ 4-6",2,24,14,148,112,984,842,6724,
Mixed,001007,p=1,v=6,"1-2-3-4-2 4-5=6^",2,24,14,152,92,1110,730,8560,
Mixed,001008,p=1,v=6,"1-2^-3-4-6=5-3",2,24,14,152,122,1062,1038,7760,
Mixed,001009,p=1,v=6,"1^^-2^-3-4 3-5-6",2,24,14,160,102,1170,758,8832,
Mixed,001010,p=1,v=6,"1-2-3-4^-6=5-3",2,24,14,168,82,1278,478,9936,
Mixed,001011,p=1,v=6,"1-2^-3-4^-5=6",2,24,20,128,152,762,1122,4800,
Mixed,001012,p=1,v=6,"1-2^-3^-4-5=6",2,24,20,136,172,870,1430,5968,
Mixed,001013,p=1,v=6,"1-2=3-4-5^-6-4",2,24,20,140,172,936,1472,6724,
Mixed,001014,p=1,v=6,"1^^-2-3-4-5=6",2,24,20,144,192,978,1738,7168,
Mixed,001015,p=1,v=6,"1^^-2-3-4 2-5-3 5-6",2,24,20,144,162,990,1346,7200,
Mixed,001016,p=1,v=6,"1^-2=3-4-5=6",2,24,20,148,192,1020,1724,7492,
Mixed,001017,p=1,v=6,"1^-2-3=4-5=6",2,24,20,148,172,1044,1500,7812,
Mixed,001018,p=1,v=6,"1-2-3^-4^-5=6",2,24,20,152,172,1038,1374,7248,
Mixed,001019,p=1,v=6,"1-2-3-4-2 3-5=6-4",2,24,20,160,182,1206,1682,9568,
Mixed,001020,p=1,v=6,"1-2^-3-4-5=6-4",2,24,26,132,232,864,1934,6244,
Mixed,001021,p=1,v=6,"1-2-3^-4-2 4-5=6",2,24,26,136,232,894,1906,6320,
Mixed,001022,p=1,v=6,"1^-2-3=4 2-5=6",2,24,26,148,242,1032,2074,7588,
Mixed,001023,p=1,v=6,"1-2-3^-4-5=6-4",2,24,26,148,252,1008,2158,7236,
Mixed,001024,p=1,v=6,"1-2^-3-4 3-5=6^",2,26,8,154,22,998,-54,6834,
Mixed,001025,p=1,v=6,"1-2-3 2-4^-5=6^",2,26,8,162,22,1142,-26,8610,
Mixed,001026,p=1,v=6,"1-2^-3=4-5^-6",2,26,14,146,62,890,198,5666,
Mixed,001027,p=1,v=6,"1^^-2-3-4=5-6",2,26,14,158,142,1058,1402,7590,
Mixed,001028,p=1,v=6,"1-2^-3^-4=5-6",2,26,14,158,102,1058,786,7462,
Mixed,001029,p=1,v=6,"1-2=4-5-6=3-1",2,26,14,162,142,1154,1486,8962,
Mixed,001030,p=1,v=6,"1^^-2-3=4-5-6",2,26,14,162,142,1106,1374,8002,
Mixed,001031,p=1,v=6,"1-2-4=6-5=3-1",2,26,14,166,122,1226,1206,9798,
Mixed,001032,p=1,v=6,"1^-2=3-4=5-6",2,26,14,166,122,1178,1094,8838,
Mixed,001033,p=1,v=6,"1-2-5=6 3=4^ 1-3",2,26,14,166,122,1178,1094,8838,
Mixed,001034,p=1,v=6,"1-2-3-4=5-6^^",2,26,14,174,102,1298,786,10118,
Mixed,001035,p=1,v=6,"1^^-2-3-4 3-5=6",2,26,20,154,182,1022,1626,7314,
Mixed,001036,p=1,v=6,"1^^-2-3 2-4-5=6",2,26,20,162,182,1118,1598,8130,
Mixed,001037,p=1,v=6,"1-2-3-4^^ 3-5=6",2,26,20,170,182,1214,1570,8978,
Mixed,001038,p=1,v=6,"1=2-3-4-6=5-3",2,26,20,178,202,1334,1906,10466,
Mixed,001039,p=1,v=6,"1^-2-5=6 3=4 1-3",2,26,26,158,242,1082,2074,7814,
Mixed,001040,p=1,v=6,"1=2-3-4-5=6-4",2,26,32,162,322,1190,2914,9442,
Mixed,001041,p=1,v=6,"1-2=3-4-5=6^",2,28,8,180,72,1264,744,9348,
Mixed,001042,p=1,v=6,"1-2-3=4-5=6^",2,28,8,188,52,1396,380,10916,
Mixed,001043,p=1,v=6,"1-2-3=5-6=4-2",2,28,14,180,142,1276,1486,9700,
Mixed,001044,p=1,v=6,"1-2-3 2-4=5-6^^",2,28,14,180,82,1300,534,10020,
Mixed,001045,p=1,v=6,"1-2-3=4^ 2-5=6",2,28,14,180,102,1276,814,9572,
Mixed,001046,p=1,v=6,"1^^-2-3 2-4=5-6",2,28,14,180,122,1252,1094,9124,
Mixed,001047,p=1,v=6,"1-2^-3=4-5=6",2,28,20,172,152,1180,1192,8580,
Mixed,001048,p=1,v=6,"1-2=3-4^-5=6",2,28,20,180,172,1264,1444,9220,
Mixed,001049,p=1,v=6,"1-2=3-4-5=6-4",2,28,26,180,262,1300,2466,10020,
Mixed,001050,p=1,v=6,"1=2-3=4-5=6",2,30,26,198,242,1470,2186,11526,
Mixed,001051,p=1,v=6,"1^-2^-3^-4^-5^-6^",-4,14,-28,74,-184,482,-1264,3362,
Mixed,001052,p=1,v=6,"1^-2^-3^-4-5^-6^-4",-4,16,-22,68,-124,340,-718,1860,
Mixed,001053,p=1,v=6,"1^-2^-3-4^^ 3-5^-6^",-4,16,-28,80,-184,502,-1292,3520,
Mixed,001054,p=1,v=6,"1^-2^-3^-4-5^^ 4-6^",-4,16,-28,84,-194,532,-1348,3620,
Mixed,001055,p=1,v=6,"1^-2-3^-5^-6^-4^-2",-4,16,-28,88,-194,538,-1292,3408,
Mixed,001056,p=1,v=6,"1^^-2^-3-4^ 3-5^-6^",-4,16,-28,88,-204,586,-1516,4240,
Mixed,001057,p=1,v=6,"1^^-2^-3^-4-5^ 4-6^",-4,16,-28,92,-214,640,-1684,4868,
Mixed,001058,p=1,v=6,"1^-2^-3-4^-6^-5^-3",-4,16,-28,92,-224,676,-1852,5444,
Mixed,001059,p=1,v=6,"1^-2^-3-1 3-4-5^-6^-4",-4,18,-16,66,-64,258,-256,1026,
Mixed,001060,p=1,v=6,"1^^-2-3^ 2-4-5^-6^-4",-4,18,-22,82,-134,438,-858,2562,
Mixed,001061,p=1,v=6,"1^-2^-3-4^-5-3 5-6^^",-4,18,-22,86,-134,462,-844,2630,
Mixed,001062,p=1,v=6,"1^-2^-4-5^-6-4 1-3^-6",-4,18,-22,90,-134,498,-886,2978,
Mixed,001063,p=1,v=6,"1^^-2^-3-4^-5-3 5-6^",-4,18,-22,94,-154,582,-1180,3974,
Mixed,001064,p=1,v=6,"1^^-2-3^-4^-5^-6^",-4,18,-28,90,-184,522,-1208,3250,
Mixed,001065,p=1,v=6,"1^^-2-3^^ 2-4-5^ 4-6^",-4,18,-28,98,-204,642,-1572,4674,
Mixed,001066,p=1,v=6,"1^^-2^-3^-4-5^-6^",-4,18,-28,98,-204,642,-1572,4674,
Mixed,001067,p=1,v=6,"1^-2^-4^-6-5^-3^-1",-4,18,-28,98,-204,642,-1572,4674,
Mixed,001068,p=1,v=6,"1^^-2-3^ 2-4-5^^ 4-6^",-4,18,-28,98,-204,618,-1460,4130,
Mixed,001069,p=1,v=6,"1^^-2^-3-4^-5^-6^",-4,18,-28,98,-204,618,-1460,4130,
Mixed,001070,p=1,v=6,"1^-2^-6-4^-3-5^-6 1-3",-4,18,-28,102,-204,642,-1460,4230,
Mixed,001071,p=1,v=6,"1^^-2-3^-5-4^-2 5-6^",-4,18,-28,102,-224,714,-1824,5478,
Mixed,001072,p=1,v=6,"1^^-2^-3^-4^-5-6^",-4,18,-28,106,-224,738,-1824,5586,
Mixed,001073,p=1,v=6,"1^^-2-3^-4^-5-2 5-6^",-4,18,-28,106,-224,738,-1824,5586,
Mixed,001074,p=1,v=6,"1^-2^-6-3-4^-5^-6 1-3",-4,18,-28,114,-244,858,-2188,7074,
Mixed,001075,p=1,v=6,"1^^-2^-3-4-5^-6-4 3-6",-4,20,-16,116,-104,764,-816,5284,
Mixed,001076,p=1,v=6,"1^^-2-3^-4-5^-6^-4",-4,20,-22,84,-124,392,-690,1956,
Mixed,001077,p=1,v=6,"1^^-2^-3-4-5^-6^-4",-4,20,-22,100,-144,584,-1026,3716,
Mixed,001078,p=1,v=6,"1^^-2-3^-6-4-5^-6 2-4",-4,20,-22,108,-144,656,-1054,4292,
Mixed,001079,p=1,v=6,"1^^-2-3-4^^ 2-5-3 5-6^",-4,20,-22,112,-144,674,-984,4160,
Mixed,001080,p=1,v=6,"1^^-2^-3^-4-5^-6-4",-4,20,-22,116,-164,776,-1362,5604,
Mixed,001081,p=1,v=6,"1^^-2-3-4^-5^-6-2 3-6",-4,20,-22,120,-154,758,-1096,4848,
Mixed,001082,p=1,v=6,"1^^-2-3-4^-6-2 3-5^-6",-4,20,-28,132,-244,980,-2188,7812,
Mixed,001083,p=1,v=6,"1^^-2-3^-4-5^^ 4-6^",-4,20,-28,100,-194,584,-1320,3684,
Mixed,001084,p=1,v=6,"1^^-2-3^-5^-6-4^-2",-4,20,-28,104,-194,626,-1376,4112,
Mixed,001085,p=1,v=6,"1^^-2-3-4^^ 3-5^-6^",-4,20,-28,104,-184,602,-1236,3728,
Mixed,001086,p=1,v=6,"1^-2^-3-4-5^^ 4-6^^",-4,20,-28,108,-194,668,-1432,4548,
Mixed,001087,p=1,v=6,"1^-2-3^-4-5^^ 4-6^^",-4,20,-28,108,-214,716,-1712,5316,
Mixed,001088,p=1,v=6,"1^^-2-3^-5^-6^-4-2",-4,20,-28,112,-194,686,-1376,4416,
Mixed,001089,p=1,v=6,"1^^-2^-3-4^ 3-5-6^^",-4,20,-28,112,-204,710,-1516,4800,
Mixed,001090,p=1,v=6,"1^^-2^-3-4-5^^ 4-6^",-4,20,-28,116,-214,752,-1600,5060,
Mixed,001091,p=1,v=6,"1^^-2^-3-4^-6-5^-3",-4,20,-28,116,-224,788,-1796,5732,
Mixed,001092,p=1,v=6,"1^^-2-3-4^-6^-5^-3",-4,20,-28,116,-224,788,-1796,5732,
Mixed,001093,p=1,v=6,"1^^-2^-3-4^^ 3-5-6^",-4,20,-28,120,-224,818,-1796,5904,
Mixed,001094,p=1,v=6,"1^^-2^-3-4^-6^-5-3",-4,20,-28,124,-224,848,-1796,6084,
Mixed,001095,p=1,v=6,"1^-2^-3^-4^-5=6^",-4,20,-34,120,-274,854,-2216,6576,
Mixed,001096,p=1,v=6,"1^^-2-3-4-2 3-5-4 5-6^^",-4,22,-16,134,-84,886,-480,5958,
Mixed,001097,p=1,v=6,"1^^-2^-3-4-5-3 5-6^^",-4,22,-22,142,-154,970,-1152,6758,
Mixed,001098,p=1,v=6,"1^^-2-3-4^-5-3 5-6^^",-4,22,-22,110,-134,610,-844,3526,
Mixed,001099,p=1,v=6,"1^^-2-3^^ 2-4-5^-6-4",-4,22,-22,122,-154,790,-1222,5538,
Mixed,001100,p=1,v=6,"1^^-2^-3^-4-5-6^^",-4,22,-28,130,-204,850,-1572,5906,
Mixed,001101,p=1,v=6,"1^^-2-3^-4-5-2 5-6^^",-4,22,-28,130,-204,850,-1572,5906,
Mixed,001102,p=1,v=6,"1^^-2-3^-5-4-2 5-6^^",-4,22,-28,134,-204,886,-1572,6150,
Mixed,001103,p=1,v=6,"1^-2^-3^-4=5-6^^",-4,22,-28,134,-224,934,-1880,6982,
Mixed,001104,p=1,v=6,"1^^-2^-3^-4^-5^-6",-4,22,-28,138,-224,970,-1880,7234,
Mixed,001105,p=1,v=6,"1^^-2^-3=4-5^-6^",-4,22,-28,138,-224,970,-1880,7234,
Mixed,001106,p=1,v=6,"1^-2^-4^-6=5-3^-1",-4,22,-28,138,-224,994,-1992,7842,
Mixed,001107,p=1,v=6,"1^^-2^-3-4-5^-6^^",-4,22,-28,138,-224,946,-1768,6626,
Mixed,001108,p=1,v=6,"1^^-2^-3^-4=5-6^",-4,22,-28,142,-224,1006,-1880,7494,
Mixed,001109,p=1,v=6,"1^^-2-3^-4^-5-6^^",-4,22,-28,106,-184,562,-1152,3170,
Mixed,001110,p=1,v=6,"1^^-2^-3-4^-5-6^^",-4,22,-28,114,-204,682,-1460,4402,
Mixed,001111,p=1,v=6,"1^-2^-3-1 3-4^-5=6^",-4,22,-28,114,-214,718,-1670,5122,
Mixed,001112,p=1,v=6,"1^-2^-3-4^^ 3-5=6^",-4,22,-34,130,-264,886,-2104,6578,
Mixed,001113,p=1,v=6,"1^^-2-3^ 2-4^-5=6^",-4,22,-34,130,-284,910,-2300,6866,
Mixed,001114,p=1,v=6,"1^^-2^-3-4^ 3-5=6^",-4,22,-34,138,-284,982,-2328,7362,
Mixed,001115,p=1,v=6,"1^-2^-4-3^-1 4-5=6^",-4,22,-34,142,-304,1066,-2650,8518,
Mixed,001116,p=1,v=6,"1^^-2^-3^-4-5=6-4",-4,24,-16,156,-74,1128,-424,8580,
Mixed,001117,p=1,v=6,"1^^-2=3-4-5^-6^-4",-4,24,-22,132,-154,852,-1222,5988,
Mixed,001118,p=1,v=6,"1^^-2^-3^-4^-5=6",-4,24,-22,160,-154,1170,-1236,8896,
Mixed,001119,p=1,v=6,"1^^-2-3-4^^ 3-5-6^^",-4,24,-28,128,-184,726,-1180,4256,
Mixed,001120,p=1,v=6,"1^^-2-3^-4-2 4-5=6^",-4,24,-28,136,-214,870,-1628,5872,
Mixed,001121,p=1,v=6,"1^^-2-3-4-5^^ 4-6^^",-4,24,-28,140,-194,888,-1404,5924,
Mixed,001122,p=1,v=6,"1-2^-3^-4-5^^ 4-6^^",-4,24,-28,140,-214,936,-1740,6820,
Mixed,001123,p=1,v=6,"1^^-2-3^-5=6-4^-2",-4,24,-28,144,-204,942,-1516,6368,
Mixed,001124,p=1,v=6,"1^^-2^-3-4^^ 3-5^-6",-4,24,-28,144,-224,990,-1852,7264,
Mixed,001125,p=1,v=6,"1^^-2-3^-4^-6=5-2",-4,24,-28,148,-194,972,-1404,6564,
Mixed,001126,p=1,v=6,"1^^-2-3^^ 2-4=5-6^",-4,24,-28,148,-204,1008,-1628,7332,
Mixed,001127,p=1,v=6,"1^^-2-3^ 2-4=5-6^^",-4,24,-28,148,-224,1032,-1852,7588,
Mixed,001128,p=1,v=6,"1^^-2^-3^-4-5^^ 4-6",-4,24,-28,156,-214,1104,-1740,8132,
Mixed,001129,p=1,v=6,"1^^-2^-3-4 3-5^-6^^",-4,24,-28,160,-224,1158,-1852,8608,
Mixed,001130,p=1,v=6,"1^^-2^-3-4^-6=5-3",-4,24,-28,168,-244,1290,-2188,10224,
Mixed,001131,p=1,v=6,"1^^-2-3^-4^-5=6^",-4,24,-34,136,-274,894,-2160,6480,
Mixed,001132,p=1,v=6,"1^^-2^-3-4^-5=6^",-4,24,-34,144,-294,1002,-2412,7424,
Mixed,001133,p=1,v=6,"1^^-2^-3^-4-5=6^",-4,24,-34,152,-274,1062,-2216,7760,
Mixed,001134,p=1,v=6,"1^^-2-3^^ 2-4-5=6-4",-4,26,-16,162,-64,1154,-256,8706,
Mixed,001135,p=1,v=6,"1^^-2-3^^ 2-4^-5=6",-4,26,-22,162,-144,1142,-1096,8546,
Mixed,001136,p=1,v=6,"1^^-2^-3-4^^ 3-5=6",-4,26,-22,170,-144,1238,-1068,9394,
Mixed,001137,p=1,v=6,"1^^-2-3^-4=5-6^^",-4,26,-28,150,-224,986,-1824,7014,
Mixed,001138,p=1,v=6,"1^^-2-3^^ 2-4-5^^ 4-6",-4,26,-28,162,-204,1106,-1572,7938,
Mixed,001139,p=1,v=6,"1^^-2^-3=4-5-6^^",-4,26,-28,162,-204,1106,-1572,7938,
Mixed,001140,p=1,v=6,"1^^-2^-3-4=5-6^^",-4,26,-28,166,-224,1178,-1824,8646,
Mixed,001141,p=1,v=6,"1^^-2-3-4^^ 2-5=6-3",-4,26,-28,178,-204,1322,-1684,10338,
Mixed,001142,p=1,v=6,"1^^-2-3-4^^ 3-5=6^",-4,26,-34,154,-264,998,-2020,6898,
Mixed,001143,p=1,v=6,"1^^-2-3^^ 2-4-5=6^",-4,26,-34,162,-264,1094,-2048,7714,
Mixed,001144,p=1,v=6,"1^-2^-5=6^ 3=4^ 1-3",-4,26,-40,166,-364,1226,-3168,9798,
Mixed,001145,p=1,v=6,"1^^-2=3-4^-5=6^",-4,28,-34,180,-314,1312,-2818,10244,
Mixed,001146,p=1,v=6,"1^^-2^-3=4-5=6^",-4,28,-34,188,-294,1396,-2566,10916,
Mixed,001147,p=1,v=6,"1^^-2-3=4^ 2-5=6^",-4,28,-40,180,-344,1276,-2888,9700,
Mixed,001148,p=1,v=6,"1^^-2=3-4=5-6^^",-4,30,-28,198,-244,1470,-2188,11526,
Mixed,001149,p=1,v=6,"1^-2-3-4-5-6^",4,14,28,74,184,482,1264,3362,
Mixed,001150,p=1,v=6,"1^-2-3-4 3-5-6^",4,16,28,80,184,502,1292,3520,
Mixed,001151,p=1,v=6,"1^-2-3-4-5^ 4-6",4,16,28,84,194,532,1348,3620,
Mixed,001152,p=1,v=6,"1^-2-3-4^ 3-5-6",4,16,28,88,204,586,1516,4240,
Mixed,001153,p=1,v=6,"1^-2-3-5-6-4-2",4,16,28,88,214,634,1740,5072,
Mixed,001154,p=1,v=6,"1-2-3-4-5^ 4-6^",4,16,28,92,214,640,1684,4868,
Mixed,001155,p=1,v=6,"1^-2-3-4-6-5-3",4,16,28,92,224,676,1852,5444,
Mixed,001156,p=1,v=6,"1^-2-3-4-5-6-4",4,16,34,100,264,748,2090,5956,
Mixed,001157,p=1,v=6,"1^-2-3-4-5^-6",4,18,28,90,184,522,1208,3250,
Mixed,001158,p=1,v=6,"1^-2-3^ 2-4-5 4-6",4,18,28,98,204,642,1572,4674,
Mixed,001159,p=1,v=6,"1^-2-4-6-5-3-1",4,18,28,98,204,642,1572,4674,
Mixed,001160,p=1,v=6,"1^-2-3^-4-5-6",4,18,28,98,204,642,1572,4674,
Mixed,001161,p=1,v=6,"1^-2-3 2-4-5^ 4-6",4,18,28,98,204,618,1460,4130,
Mixed,001162,p=1,v=6,"1^-2-3-4^-5-6",4,18,28,98,204,618,1460,4130,
Mixed,001163,p=1,v=6,"1^-2-3-5-4-2 5-6",4,18,28,102,224,714,1824,5478,
Mixed,001164,p=1,v=6,"1-2-6-4-3-5-6 1-3",4,18,28,102,244,786,2188,6726,
Mixed,001165,p=1,v=6,"1^-2-3-4-5-2 5-6",4,18,28,106,224,738,1824,5586,
Mixed,001166,p=1,v=6,"1^-2^-3-4-5-6",4,18,28,106,224,738,1824,5586,
Mixed,001167,p=1,v=6,"1-2-6-3-4-5-6 1-3",4,18,28,114,244,858,2188,7074,
Mixed,001168,p=1,v=6,"1^-2-3-4-5-3 5-6",4,18,34,102,254,726,1992,5702,
Mixed,001169,p=1,v=6,"1-2-4-5-6-4 1-3-6",4,18,34,106,274,810,2314,6850,
Mixed,001170,p=1,v=6,"1-2-3-4-5-3 5-6^",4,18,34,110,274,798,2160,6150,
Mixed,001171,p=1,v=6,"1^-2-3 2-4-5-6-4",4,18,34,114,274,822,2174,6274,
Mixed,001172,p=1,v=6,"1-2-3-1 3-4-5-6-4",4,18,40,130,344,1026,2888,8450,
Mixed,001173,p=1,v=6,"1-2-3-4-6-2 3-5-6",4,20,28,132,244,980,2188,7812,
Mixed,001174,p=1,v=6,"1-2^-3-4-5^ 4-6",4,20,28,100,194,584,1320,3684,
Mixed,001175,p=1,v=6,"1-2-3-5^-6-4-2",4,20,28,104,214,674,1656,4880,
Mixed,001176,p=1,v=6,"1^-2-3-4 3-5^-6",4,20,28,104,184,602,1236,3728,
Mixed,001177,p=1,v=6,"1^-2-3^-4-5 4-6",4,20,28,108,194,668,1432,4548,
Mixed,001178,p=1,v=6,"1^-2^-3-4-5 4-6",4,20,28,108,214,716,1712,5316,
Mixed,001179,p=1,v=6,"1-2^-3-4^ 3-5-6",4,20,28,112,204,710,1516,4800,
Mixed,001180,p=1,v=6,"1-2-3^-5-6-4-2",4,20,28,112,214,734,1656,5184,
Mixed,001181,p=1,v=6,"1-2-3^-4-5^ 4-6",4,20,28,116,214,752,1600,5060,
Mixed,001182,p=1,v=6,"1-2^-3-4-6-5-3",4,20,28,116,224,788,1796,5732,
Mixed,001183,p=1,v=6,"1-2-3-4-6^-5-3",4,20,28,116,224,788,1796,5732,
Mixed,001184,p=1,v=6,"1^-2^-3-4 3-5-6",4,20,28,120,224,818,1796,5904,
Mixed,001185,p=1,v=6,"1-2-3-4^-6-5-3",4,20,28,124,224,848,1796,6084,
Mixed,001186,p=1,v=6,"1-2-3^-4-5-6-4",4,20,34,132,284,944,2286,6980,
Mixed,001187,p=1,v=6,"1^-2-3-4 2-5-3 5-6",4,20,34,112,264,770,2048,5824,
Mixed,001188,p=1,v=6,"1-2-3-4-5^-6-4",4,20,34,116,264,800,2062,5988,
Mixed,001189,p=1,v=6,"1-2^-3-4-5-6-4",4,20,34,116,264,800,2062,5988,
Mixed,001190,p=1,v=6,"1^-2-3-4-5=6",4,20,34,120,274,854,2216,6576,
Mixed,001191,p=1,v=6,"1-2-3-4-5-6-2 3-6",4,20,34,120,294,902,2496,7408,
Mixed,001192,p=1,v=6,"1-2-3-6-4-5-6 2-4",4,20,34,124,284,920,2426,7460,
Mixed,001193,p=1,v=6,"1-2-3-4-5-6-4 3-6",4,20,40,132,344,1028,2888,8452,
Mixed,001194,p=1,v=6,"1-2^-3^-4-5-6",4,22,28,130,204,850,1572,5906,
Mixed,001195,p=1,v=6,"1-2-3^-4-5-2 5-6",4,22,28,130,204,850,1572,5906,
Mixed,001196,p=1,v=6,"1-2-3^-5-4-2 5-6",4,22,28,134,204,886,1572,6150,
Mixed,001197,p=1,v=6,"1^-2-3-4=5-6",4,22,28,134,224,934,1880,6982,
Mixed,001198,p=1,v=6,"1^-2-3=4-5-6",4,22,28,138,224,970,1880,7234,
Mixed,001199,p=1,v=6,"1^^-2-3-4-5-6",4,22,28,138,224,970,1880,7234,
Mixed,001200,p=1,v=6,"1-2-4-6=5-3-1",4,22,28,138,224,994,1992,7842,
Mixed,001201,p=1,v=6,"1-2-3^-4^-5-6",4,22,28,138,224,946,1768,6626,
Mixed,001202,p=1,v=6,"1-2-3-4=5-6^",4,22,28,142,224,1006,1880,7494,
Mixed,001203,p=1,v=6,"1-2^-3-4-5^-6",4,22,28,106,184,562,1152,3170,
Mixed,001204,p=1,v=6,"1-2^-3-4^-5-6",4,22,28,114,204,682,1460,4402,
Mixed,001205,p=1,v=6,"1^-2-3-4 3-5=6",4,22,34,130,264,886,2104,6578,
Mixed,001206,p=1,v=6,"1^-2-3 2-4-5=6",4,22,34,130,284,910,2300,6866,
Mixed,001207,p=1,v=6,"1-2-3-4^ 3-5=6",4,22,34,138,284,982,2328,7362,
Mixed,001208,p=1,v=6,"1-2-4-3-1 4-5=6",4,22,34,142,304,1066,2650,8518,
Mixed,001209,p=1,v=6,"1-2-3 2-4-5^-6-4",4,22,34,122,254,790,1922,5666,
Mixed,001210,p=1,v=6,"1-2-3-4^-5-3 5-6",4,22,34,126,274,850,2132,6182,
Mixed,001211,p=1,v=6,"1-2^-3-4-5-3 5-6",4,22,34,126,254,826,1936,5894,
Mixed,001212,p=1,v=6,"1-2-3-4-2 3-5-4 5-6",4,22,40,134,324,982,2664,7878,
Mixed,001213,p=1,v=6,"1-2-3-1 3-4-5=6",4,22,40,146,354,1126,3042,9186,
Mixed,001214,p=1,v=6,"1-2-3-4-5=6^",4,24,22,160,154,1170,1236,8896,
Mixed,001215,p=1,v=6,"1-2^-3-4 3-5^-6",4,24,28,128,184,726,1180,4256,
Mixed,001216,p=1,v=6,"1-2^-3^-4-5 4-6",4,24,28,140,194,888,1404,5924,
Mixed,001217,p=1,v=6,"1^^-2-3-4-5 4-6",4,24,28,140,214,936,1740,6820,
Mixed,001218,p=1,v=6,"1^^-2-3-4 3-5-6",4,24,28,144,224,990,1852,7264,
Mixed,001219,p=1,v=6,"1-2-3-5=6-4-2",4,24,28,144,244,1038,2188,8160,
Mixed,001220,p=1,v=6,"1-2-3 2-4=5-6^",4,24,28,148,204,1008,1628,7332,
Mixed,001221,p=1,v=6,"1^-2-3 2-4=5-6",4,24,28,148,224,1032,1852,7588,
Mixed,001222,p=1,v=6,"1-2-3-4-6=5-2",4,24,28,148,234,1068,2076,8356,
Mixed,001223,p=1,v=6,"1-2-3-4-5^^ 4-6",4,24,28,156,214,1104,1740,8132,
Mixed,001224,p=1,v=6,"1-2-3-4^^ 3-5-6",4,24,28,160,224,1158,1852,8608,
Mixed,001225,p=1,v=6,"1-2-3-4-6=5-3",4,24,28,168,244,1290,2188,10224,
Mixed,001226,p=1,v=6,"1-2^-3-4-5=6",4,24,34,136,274,894,2160,6480,
Mixed,001227,p=1,v=6,"1-2-3^-4-5=6",4,24,34,144,294,1002,2412,7424,
Mixed,001228,p=1,v=6,"1-2-3-4^-5=6",4,24,34,152,274,1062,2216,7760,
Mixed,001229,p=1,v=6,"1-2=3-4-5-6-4",4,24,34,164,294,1236,2594,9764,
Mixed,001230,p=1,v=6,"1-2-3-4-2 4-5=6",4,24,40,152,334,1110,2804,8752,
Mixed,001231,p=1,v=6,"1-2-3-4-5=6-4",4,24,40,156,354,1176,3056,9476,
Mixed,001232,p=1,v=6,"1-2-3 2-4-5=6^",4,26,22,162,144,1142,1096,8546,
Mixed,001233,p=1,v=6,"1-2-3-4 3-5=6^",4,26,22,170,144,1238,1068,9394,
Mixed,001234,p=1,v=6,"1-2^-3-4=5-6",4,26,28,150,224,986,1824,7014,
Mixed,001235,p=1,v=6,"1^^-2-3 2-4-5 4-6",4,26,28,162,204,1106,1572,7938,
Mixed,001236,p=1,v=6,"1-2^-3=4-5-6",4,26,28,162,204,1106,1572,7938,
Mixed,001237,p=1,v=6,"1-2-3^-4=5-6",4,26,28,166,224,1178,1824,8646,
Mixed,001238,p=1,v=6,"1-2-3-4 2-5=6-3",4,26,28,178,204,1322,1684,10338,
Mixed,001239,p=1,v=6,"1-2^-3-4 3-5=6",4,26,34,154,264,998,2020,6898,
Mixed,001240,p=1,v=6,"1-2-3 2-4^-5=6",4,26,34,162,264,1094,2048,7714,
Mixed,001241,p=1,v=6,"1-2-3 2-4-5=6-4",4,26,40,162,344,1154,2888,8962,
Mixed,001242,p=1,v=6,"1-2-5=6 3=4 1-3",4,26,40,166,364,1226,3168,9798,
Mixed,001243,p=1,v=6,"1-2=3-4-5=6",4,28,34,180,314,1312,2818,10244,
Mixed,001244,p=1,v=6,"1-2-3=4-5=6",4,28,34,188,294,1396,2566,10916,
Mixed,001245,p=1,v=6,"1-2-3=4 2-5=6",4,28,40,180,344,1276,2888,9700,
Mixed,001246,p=1,v=6,"1-2=3-4=5-6",4,30,28,198,244,1470,2188,11526,
Mixed,001247,p=1,v=6,"1^^-2^-3^-4^-5^-6^",-6,18,-42,114,-306,846,-2358,6642,
Mixed,001248,p=1,v=6,"1^-2^-4^-6^-5^-3^-1",-6,18,-42,114,-306,858,-2442,7074,
Mixed,001249,p=1,v=6,"1^^-2^-3^-4-5^-6^-4",-6,20,-36,108,-246,704,-1812,5124,
Mixed,001250,p=1,v=6,"1^^-2^-3-4^ 3-5^-6^^",-6,20,-42,128,-326,938,-2554,7232,
Mixed,001251,p=1,v=6,"1^^-2^-3-4^-6^-5^-3",-6,20,-42,132,-346,1028,-2890,8452,
Mixed,001252,p=1,v=6,"1^-2^-3^-4-5^^ 4-6^^",-6,20,-42,116,-296,812,-2218,6212,
Mixed,001253,p=1,v=6,"1^^-2-3^-5^-6^-4^-2",-6,20,-42,120,-296,806,-2106,5680,
Mixed,001254,p=1,v=6,"1^^-2^-3-4^^ 3-5^-6^",-6,20,-42,120,-306,854,-2330,6544,
Mixed,001255,p=1,v=6,"1^^-2^-3^-4-5^^ 4-6^",-6,20,-42,124,-316,896,-2442,6884,
Mixed,001256,p=1,v=6,"1^^-2-3^^ 2-4-5^-6^-4",-6,22,-36,114,-236,706,-1700,4930,
Mixed,001257,p=1,v=6,"1^^-2^-3-4^-5-3 5-6^^",-6,22,-36,126,-256,814,-1882,5590,
Mixed,001258,p=1,v=6,"1^^-2-3^^ 2-4-5^^ 4-6^",-6,22,-42,130,-306,886,-2302,6530,
Mixed,001259,p=1,v=6,"1^^-2^-3^-4^-5-6^^",-6,22,-42,130,-306,886,-2302,6530,
Mixed,001260,p=1,v=6,"1^^-2-3^-5-4^-2 5-6^^",-6,22,-42,134,-326,982,-2666,7878,
Mixed,001261,p=1,v=6,"1^^-2^-3^-4-5^-6^^",-6,22,-42,138,-326,982,-2554,7378,
Mixed,001262,p=1,v=6,"1^^-2-3^-4^-5-2 5-6^^",-6,22,-42,138,-326,994,-2638,7842,
Mixed,001263,p=1,v=6,"1^^-2-3-4^^ 2-5-3 5-6^^",-6,24,-36,144,-246,894,-1686,5664,
Mixed,001264,p=1,v=6,"1^^-2-3^-4-5^^ 4-6^^",-6,24,-42,132,-296,864,-2190,6244,
Mixed,001265,p=1,v=6,"1^^-2^-3-4^^ 3-5-6^^",-6,24,-42,144,-306,954,-2274,6720,
Mixed,001266,p=1,v=6,"1^^-2^-3-4-5^^ 4-6^^",-6,24,-42,148,-316,1008,-2414,7236,
Mixed,001267,p=1,v=6,"1^^-2^-3^-4^-5=6^",-6,24,-48,160,-396,1218,-3310,9856,
Mixed,001268,p=1,v=6,"1^^-2^-3^-4=5-6^^",-6,26,-42,174,-346,1298,-2974,10246,
Mixed,001269,p=1,v=6,"1^^-2^-3=4-5^-6^^",-6,26,-42,178,-346,1322,-2946,10338,
Mixed,001270,p=1,v=6,"1^^-2-3^^ 2-4^-5=6^",-6,26,-48,162,-386,1190,-3170,9442,
Mixed,001271,p=1,v=6,"1^^-2^-3-4^^ 3-5=6^",-6,26,-48,170,-386,1238,-3142,9586,
Mixed,001272,p=1,v=6,"1^^-2-3^^ 2-4=5-6^^",-6,28,-42,180,-326,1300,-2722,10020,
Mixed,001273,p=1,v=6,"1^-2-3-4-5-6",6,18,42,114,306,846,2358,6642,
Mixed,001274,p=1,v=6,"1-2-4-6-5-3-1",6,18,42,114,306,858,2442,7074,
Mixed,001275,p=1,v=6,"1-2-3-4^ 3-5-6",6,20,42,128,326,938,2554,7232,
Mixed,001276,p=1,v=6,"1-2-3-4-6-5-3",6,20,42,132,346,1028,2890,8452,
Mixed,001277,p=1,v=6,"1^-2-3-4-5 4-6",6,20,42,116,296,812,2218,6212,
Mixed,001278,p=1,v=6,"1^-2-3-4 3-5-6",6,20,42,120,306,854,2330,6544,
Mixed,001279,p=1,v=6,"1-2-3-5-6-4-2",6,20,42,120,316,902,2554,7408,
Mixed,001280,p=1,v=6,"1-2-3-4-5^ 4-6",6,20,42,124,316,896,2442,6884,
Mixed,001281,p=1,v=6,"1-2-3-4-5-6-4",6,20,48,140,386,1112,3184,9220,
Mixed,001282,p=1,v=6,"1^-2-3 2-4-5 4-6",6,22,42,130,306,886,2302,6530,
Mixed,001283,p=1,v=6,"1-2^-3-4-5-6",6,22,42,130,306,886,2302,6530,
Mixed,001284,p=1,v=6,"1-2-3-5-4-2 5-6",6,22,42,134,326,982,2666,7878,
Mixed,001285,p=1,v=6,"1-2-3^-4-5-6",6,22,42,138,326,982,2554,7378,
Mixed,001286,p=1,v=6,"1-2-3-4-5-2 5-6",6,22,42,138,326,994,2638,7842,
Mixed,001287,p=1,v=6,"1-2-3-4-5-3 5-6",6,22,48,142,376,1078,3030,8726,
Mixed,001288,p=1,v=6,"1-2-3 2-4-5-6-4",6,22,48,146,376,1090,3016,8706,
Mixed,001289,p=1,v=6,"1-2^-3-4-5 4-6",6,24,42,132,296,864,2190,6244,
Mixed,001290,p=1,v=6,"1-2^-3-4 3-5-6",6,24,42,144,306,954,2274,6720,
Mixed,001291,p=1,v=6,"1-2-3^-4-5 4-6",6,24,42,148,316,1008,2414,7236,
Mixed,001292,p=1,v=6,"1-2-3-4 2-5-3 5-6",6,24,48,144,366,1038,2862,8160,
Mixed,001293,p=1,v=6,"1-2-3-4-5=6",6,24,48,160,396,1218,3310,9856,
Mixed,001294,p=1,v=6,"1-2-3-4=5-6",6,26,42,174,346,1298,2974,10246,
Mixed,001295,p=1,v=6,"1-2-3=4-5-6",6,26,42,178,346,1322,2946,10338,
Mixed,001296,p=1,v=6,"1-2-3 2-4-5=6",6,26,48,162,386,1190,3170,9442,
Mixed,001297,p=1,v=6,"1-2-3-4 3-5=6",6,26,48,170,386,1238,3142,9586,
Mixed,001298,p=1,v=6,"1-2-3 2-4=5-6",6,28,42,180,326,1300,2722,10020,
Mixed,001299,p=1,v=6,"1^^-2^-3^-4^-5^-6^^",-8,22,-56,154,-428,1210,-3452,9922,
Mixed,001300,p=1,v=6,"1^^-2^-3^-4-5^^ 4-6^^",-8,24,-56,156,-418,1176,-3312,9476,
Mixed,001301,p=1,v=6,"1^^-2^-3-4^^ 3-5^-6^^",-8,24,-56,160,-428,1206,-3368,9568,
Mixed,001302,p=1,v=6,"1^^-2-3^^ 2-4-5^^ 4-6^^",-8,26,-56,162,-408,1154,-3144,8962,
Mixed,001303,p=1,v=6,"1-2-3-4-5-6",8,22,56,154,428,1210,3452,9922,
Mixed,001304,p=1,v=6,"1-2-3-4-5 4-6",8,24,56,156,418,1176,3312,9476,
Mixed,001305,p=1,v=6,"1-2-3-4 3-5-6",8,24,56,160,428,1206,3368,9568,
Mixed,001306,p=1,v=6,"1-2-3 2-4-5 4-6",8,26,56,162,408,1154,3144,8962,
